ns1:org_name_short,ns1:inn
"ООО ""РАДИО НОСТАЛЬЖИ - ОРЕНБУРГ""",5610044992
"ООО ""ТЕЛЕРАДИОКОМПАНИЯ ""ЮГ""",2304071430
"ООО ""Полярная звезда""",1435154953
"ООО ""ВАЛЕНТИНА-1""",6319071085
"ООО ""ИЖЕВСКИЕ ТЕХНОЛОГИИ""",1831041255
"ООО ""ПЕРВОЕ ГОРОДСКОЕ ТВ""",3327824629
"ООО ""МОЙ МИР""",7719494873
"ООО ""РАДИО НОСТАЛЬЖИ СПБ""",7816657594
"ООО ""БАЛТИКМЕДИА""",7816513521
"ООО ""МЕДИА-КОНТЕНТ""",7713732264
"ООО ""ЕВРОПЕЙСКОЕ МУЗЫКАЛЬНОЕ ВЕЩАНИЕ""",7717626228
"ООО ""ДО МАЖОР""",8904046780
"ООО ""СРЦ""",6367361690
"ООО ""РАДИОСТАНЦИЯ ""СТИЛЬ ФМ""",6671036422
"ООО ""ПРАГМА""",4205372550
"ООО ""КОННЕКТ""",7723755133
"ООО ""ТВБ""",0278061623
"ООО ""РАДИО МЕГАХИТ""",6311152293
"ООО ""МЕДИА НОВОСТИ""",6660128103
"ООО ""МАКРОМЕДИА""",6658151850
"ООО ""СТЕПС""",2308025820
"МБУ ТРК ""НЕСВЕТАЙ""",6151001060
"ООО ""ЮЖНО-УРАЛЬСКАЯ ВЕЩАТЕЛЬНАЯ КОМПАНИЯ""",7451195732
"ООО ""РЕКЛАМНОЕ АГЕНТСТВО ""АСТРА""",7451057919
"ООО ""ФЭШНТВ""",7709753617
"ООО ""КАЛУГА ФМ""",4027081893
"ООО ""ВОЛГА ФМ""",6450922422
"ООО ""РАДИО БУЛГАР""",0276030997
"ООО ""МЕДИА ТЕЛЕКОМ""",4708018500
"ООО ""ПОКОЛЕНИЕ NEXT""",0264052925
"ООО ""ТРИО ПЛЮС""",1650070141
"ООО ""ТЕЛЕРАДИОКОМПАНИЯ ""ПРОФИТ""",0277065978
"ООО ""ИНФО-СТРЕЖЕВОЙ""",7022014514
"ООО ""РАДИО 101,7""",2904017548
"ООО""СПЕКТР-45""",1435002929
"ООО ""АРКОМ""",0326004018
"ООО ""ПЕРСПЕКТИВА""",2904017530
"ООО ТК ""ИНТЕГРАЛ-ТВ""",1434007762
"ООО ""ДЖИМДЖЭМ ВОСТОК""",7713691427
"ООО ""РУССКОЕ РАДИО ИВАНОВО""",3730013181
"ООО ""КСТС""",2634078307
"АО ""ТРК ""НОВЫЙ ВЕК""",1653021456
"АО ""ТВК""",1701027891
"ООО ""РАДИО ПЛЮС""",0245008286
"ООО ""СЕТИ КАБЕЛЬНОГО ТЕЛЕВИДЕНИЯ""",7424006601
"АО ""ТЕЛЕКОМПАНИЯ ""СТРИМ""",7702634258
"ООО ""ГОСТ""",6143012679
"ООО ""ВЕРИСЕЛИНТЕЛ""",7701257448
"ООО ""КИНОМАНИЯ. ТВ""",7707577998
"АО ""ФЕНИКС-Т""",7743342631
"АО ""ПЕРВЫЙ ТВЧ""",7801418459
"АНО ""ТВ-НОВОСТИ""",7704552473
"ООО ""ЭНЕРГИЯ ДВ""",2721125666
"МАУ ""ТРК НАДЫМ""",8903036179
"ООО ""ИЛГО""",5262041839
"ООО ""РЕГИОН-СЕРВИС""",6027078686
"ООО ""ВАШЕ РАДИО""",3662030933
"ООО ФИРМА ""УРАЛ-ТР""",7453013265
"ООО ""РЕДАКЦИЯ ПРОГРАММ ДОМА РАДИО ""ГАРДАРИКА""",4703029900
"ООО ""КТК ""СЛАДКАЯ ЖИЗНЬ"" РАДИО ПЕРВЫЙ КАНАЛ""",0273020976
"АО ""СУРГУТИНФОРМ-ТВ""",8602039472
"ООО ""СТУДИЯ ВАРИАНТ""",7825343139
"ООО ""ЕВРОПА МЕДИА КУЗБАСС""",4207011817
"ООО ""АЛЬТЕРНАТИВА""",5501055313
"ООО ""АРАДИО""",7106044699
"ООО ""УРАЛ-ТАУ""",0278108769
"ООО ""КОМПАНИЯ ДИФЕРЕНТ""",3123405556
"ООО ""САТУРН""",0263004630
"ООО ""УНИВЕРКИДЗ""",7704720689
"ООО ""КОМПАНИЯ УНИВЕРСАЛ КОММУНИКАТИОНС""",7704691974
"ООО ""УНИВЕРМЬЮЗИК""",7704720400
"ООО ""СЫКТЫВКАР-АВТОРАДИО""",1101105442
"ООО ""САРОВ24""",5254484202
"ООО ""ВИАСАТ МЕДИЯ""",7725694750
"ООО ""МЕДИА - ГРУППА ""КОМПАС""",6612020950
"ООО ""МОДЕРН-МЕДИА""",2902079563
"ООО ""МКБ""",3662061586
"ООО ""РА ""ПРОДВИЖЕНИЕ""",3817026178
"ООО ""ЭХО-ММ""",0561046427
"ООО ""ПРОСТОР МЕДИА""",3444127036
"ООО ""РАДИО-7""",7203348558
"ООО ""КТМ""",0562054332
"ООО ""ВИАСАТ ДА ВИНЧИ""",7725703236
"ООО ""ВИАСАТ ГЛОБАЛ""",7717567251
"АО ""ФЕЛИСТА""",7708141869
"ООО ""ЗЛАТ ФМ""",7404046677
"ООО ""ВИАСАТ ХОЛДИНГ""",7717500440
"АО ""РАДИО ЗАПАДНОЙ СИБИРИ""",7203082280
"ООО ""ОРБИТА-СЕРВИС""",6607009171
"ООО ""29 РЕГИОН""",2904017523
"ООО ""ТЕЛЕВИДЕНИЕ АРМАВИРА""",2302048490
"ООО ""ГСП""",1102002707
"ООО ""РА ""РЕАЛ ПЛЮС""",1901047743
"ООО ""ОЛИМП МЕДИА""",2634010387
"ООО ""РАДИО-ИНФОРМ""",0276037720
"ООО ""РАДИО МИР""",6670128751
"ООО ПКФ "" ТАНДЕМ """,5921005273
"ООО ""МАЛКОВ-РАДИОТРОН""",5193200732
"ООО ""ЭТО ""ПРОСПЕКТ""",2225224740
"АО ""ВОСТОЧНЫЙ ДОНБАСС""",6144010579
"ООО ""ИСКРА - ВЭКТ""",5005034228
"ООО ""ТК ОБНИНСК ТВ""",4025062528
"ООО ""РАДИОКОМ""",4632018377
"ООО ""КЛАССНОЕ РАДИО""",5615010940
"ООО ""БЕРЕЗНИКИ МЕДИА""",5902157111
"ООО ""РЕКЛАМНОЕ АГЕНТСТВО ""БУМЕРАНГ""",6027052215
"ООО ""МБ ТВ""",9701091605
"ООО ""МБ РУ""",9701066782
"ООО ""МАКС-МЕДИА""",7718789465
"ООО ""ЕВРОКИНО""",7715698139
"ООО ""МЕДИАКОМПАНИЯ ""СЕВЕРНЫЙ ГОРОД""",2457059448
"ООО ""ТРК ""АНТЕННА-7""",5505055346
"АО ""ТЕЛЕКАНАЛ РБК""",7736222260
"ООО ""ТРК ""ЭФИР""",0245016706
"ООО ""МКТ МЕДИА""",7702703092
"ООО ""ТЕЛЕГРАФ""",7204147220
"ООО ""ТРВК ""ДЕСНА-ТВ""",6724006858
"ООО ""КОМКОМ""",7451080379
"ООО ""ЕВРОПА ПЛЮС НОВОСИБИРСК""",5408147672
"ООО "" РУССКАЯ ВОЛНА """,7106039427
"ООО ""МЕДИА-ФОРУМ""",6670428843
"ООО ""АРСЕНАЛ""",3334004708
"ООО ""РАДИО ""ГУБЕРНИЯ""",3666170120
"ООО ""ПРИКАМЬЕ""",5944202246
"ООО ТРК ""ТВЕРСКОЙ ПРОСПЕКТ - РЕГИОН""",6950139097
"ООО ""МЕДИАДОМ""",3444123264
"МАУ ""ПУРМЕДИА""",8911005706
"ОАО ""ТРК ""ЗАРЕЧНЫЙ""",5838045915
"ООО ""ТВ-УРУССУ""",1642004988
"ООО ""ЮГ-МЕДИА""",2302045900
"ООО ""МЕДИО""",6915011055
,7705010096
"ООО ""МИКС""",5501060352
"АО ""ТРВ""",5254497603
"ООО ""ИКС МЕДИА""",4502018739
"ООО ""ИМПУЛЬС""",3460015883
"ООО ""РАДИОКОМПАНИЯ ЮГ-МЕДИА""",2311121153
"ООО "" ТРК ""КАНАЛ-16""",5254003879
"ООО ""АЛМАЗ""",0541024337
"ООО ""РГ НР""",8609020960
"ООО ""РАДИО ПРИВОЛЖЬЕ""",5262122742
"ООО ИК ""МЕДИА-ЦЕНТР""",7451074008
"ООО ""РАДИО СТИЛЬ""",6731046273
"ООО ""ЛОГОС""",0900008732
"МБУК КИТЦ ""СПЕКТР""",7112501199
"ООО ""РГ ""РУССКАЯ ТРОЙКА""",4205132742
"НТИА ""МИГ""",8905002305
"ООО ""МЕДИА-ТРЕК""",2311061521
"ООО РГ ""ЗВУК""",5920029761
"МБУ БТК ""БЕЛОРЕЦК ТВ - 6""",0256008440
"ООО ""ЛИРА-46""",4633014907
"ООО ""АВТОРАДИО РЕГИОН""",2308085025
"ООО  "" РЕГИОН МЕДИА""",0326037221
"ООО ""МЕГА-МЕДИА""",7727658660
"ООО ""РАДИО - 3""",2221030769
"ООО ""КВАРЦ ТЕЛЕКОМ""",5036103746
"ООО ""ТВК-РАДИО""",4824006488
ООО ПТО ВИДЕОКАНАЛ,7422000160
"ИЗДАТЕЛЬСКИЙ ДОМ ""ГУБЕРНСКИЕ ВЕДОМОСТИ""",6501071902
"ООО "" 101,5""",6316168096
"ООО ""РАДИО ХОЛДИНГ""",3123163949
"ООО ""РЕТРО ФМ КИРОВ""",4345211218
"ООО ""ЗЛАТОУСТОВСКАЯ МЕДИАГРУППА""",7404053385
"ООО ""АВТОС""",3801014508
"ООО ""ЭПОХА""",3328005630
"ООО ""ШОППИНГ ЛАЙВ""",7707750240
"ООО ""НЕТВОРКС ВОСТОК""",7710701973
"ООО ""МТВ НЕТВОРКС НИК ВОСТОК""",7743785979
"АО ""МЕДИАМАРТ""",7710580334
"МАУ ""КТРК ""СУЛИН""",6148559627
"ООО ""КТРК ""ДЕЛОВАЯ ВОЛНА""",0269016134
"ООО "" ВИДЕОТОН ПЛЮС """,6125023117
"ООО ""ОАЗИС""",6937003682
"ЗАО ""АСТ""",5753029488
"ООО ""А-МЕДИА ГРУППА""",2302048482
"ООО ""ШАТЛ-ПЕЙДЖИНГ""",6601006181
"АО ""ФИРМА ""АЛЬКОР""",2311041268
"ООО ""ТЕЛЕКОМПАНИЯ АСТВ""",6501069100
"ООО ""ГЕНЕРАТОР ФМ""",7203160549
"ООО ""АЛВЕДИ""",2466058761
"АУ ""ОТРК ""ЮГРА""",8601013369
"ООО ""СГМЕДИА""",3525240858
"ООО ""РОКИТ МЕДИА""",1215159829
"ООО ""ТВ НИКИ""",7727773920
"МБУ ""РЕДАКЦИЯ ЕЛЬНИНСКОГО ТРЦ""",6706005940
"ООО ""ВНРК""",4346055709
"ООО ""НОВЫЙ ФОРМАТ""",2460071318
"ООО ""РАДИОВОЛНА""",1835077693
"ООО ""СП РАДИО МАНХЭТТЕН ДРАЙВ""",2801026068
"ООО ""КУРГАН-ФМ""",4500018807
"ООО ""ИНТЕРРА МЕДИА""",6625051610
"ООО ""МЕДИА ИНВЕСТ ВЕЛИКИЕ ЛУКИ""",7206035426
"ООО ""НОВАЯ ВОЛНА""",3460084781
"ООО ""СЕВЕРО-ЗАПАДНОЕ ВЕЩАНИЕ""",5190934326
"ООО ""А СЕРИАЛ""",7722742614
"ООО ""КВАРК""",3525472947
"ООО ""ТЕЛЕКОМПАНИЯ ЮТВ""",2130093779
"ООО ""ИНТЕРСВЯЗЬСЕРВИС""",4826027660
"ООО ""ММ""",1402046536
"ООО ""ВЕКТОР""",5422111981
"ООО ""РГТ""",3334007995
"ООО ""РАДИО-МУРОМ""",3307015612
"ООО ""НОВАЯ ВОЛНА""",4212427433
"ООО ""КХЛ-МАРКЕТИНГ""",7707669014
"ООО ""ТЕЛЕТРАНССТРОЙ""",1117005066
"ООО ФИРМА ""РАДИО-ПУЛЬС""",6143033870
"ООО ""НАШЕ РАДИО""",4407008025
"ООО ""РАДИО-КОМ""",2511025369
"ООО ""РАДИО-КОМ""",2508070033
"ООО ""РТС""",1835053886
"ООО ""МЕДИА СЕРВИС""",6445004219
"ООО ""ЧАСТНИК-М""",4214021990
"ООО ""РАДАР""",5252020477
"ООО ""РАДИО-ЛЮБОВЬ""",7712101731
"ООО ""ОКТЯБРЬСКИЙ - ТВ""",0265019198
"ООО ТЕЛЕКОМПАНИЯ ""ВОЛГА""",5262007549
"ООО ""ТК ""КРИСТАЛЛ""",4205100275
"ООО ""АВТОЗВУК""",7901538541
"ООО ""ЦЕНТРАЛЬНО-ЕВРОПЕЙСКАЯ РАДИОВЕЩАТЕЛЬНАЯ КОМПАНИЯ""",7801161651
"ООО ""В.И.-ТОС""",4716023609
"ООО ""РАДИО 1""",2443034612
"ООО ""МЕДИАВОЛНА""",6439060952
"ООО ""ИЗДАТЕЛЬСТВО ""ЮЖУРАЛПЕЧАТЬ""",0267009678
"ООО ""МЕДИА-ПАРТНЕР""",1656057813
"ООО ""ФРТ""",6211007260
"АО ""ОТРК""",5753026328
"ООО ""НАВИРА+""",3906078234
"ООО ""ТРК ""СИБИРЬ""",1902009606
"ООО ""РЕГИОН-ТРЕЙД-3""",5906062213
"ООО ""АЛЕНСИО-АТВ-ИНФОРМ""",8604041692
"ООО ""ГОРОДСКОЙ ТЕЛЕКАНАЛ""",6312057050
"ООО ""АВТО СТАР""",0814112419
"ООО ""РТО ТЮМЕНЬ ФМ""",7202212392
"ООО РИА""МАРТПЛЮС""",7302030484
"ООО "" МЕДИА - ХОЛДИНГ "" ЗАПАДНАЯ СИБИРЬ """,8608051934
"ООО ""ЭЛИТА-1""",5503179226
,5191320865
"ЗАО ""РТВ""",3128001540
"ООО ""КУРСК-МЕДИА""",4632018930
"ООО ""МЕДИА КОММУНИКАЦИИ""",7451089484
"ООО РИЦ ""СЕКРЕТ""",6105007766
"МУ РЕДАКЦИЯ ГАЗЕТЫ ""ЧЕМАЛЬСКИЙ ВЕСТНИК""",0410000413
"ООО ""АЛЬЯНС-МЕДИА""",5902143616
"ООО ""АС""",5031038564
"ФГБУ ""РГМЦ"", ТЕЛЕРАДИОЦЕНТР ""ОРФЕЙ""",7703350227
"ООО ""ГЛАС""",3604016707
"ООО ""БИЙСКАЯ ВОЛНА""",2204026314
"ООО ""РАС""",4100011814
"ООО ""ГОЛЬФСТРИМ""",4401080868
"АО ""РАДИО ""ЗЕНИТ""",7841331500
"ООО ИПК ""ТВС""",1829001551
"ООО ""ВИТА-ТВ""",2313002970
"ООО ""НОВИТЕЛ""",0276059107
"ООО ""ТС""",6147029810
"ООО ""АСТ РАДИО""",3809020454
"ООО ""КТВ-ИНФОРМ""",5944204691
"ООО ""7ТВ""",7726648644
"ООО ""МЕДИА ТРАНЗИТ""",5906054406
"ООО ""ПАРТНЕР МЕДИА""",5504119188
"ООО ""КЛИНЦОВСКИЙ ВЕСТНИК""",3241007939
"АО ""МОСКВА МЕДИА""",7705194654
"ООО ""ОРЕНОБЛМЕДИА""",5609082190
"ООО ""ТРИУМФ""",3604017450
"ООО ""РА ""МЕДВЕДЬ""",1902014719
"ООО "" АВТО-РАДИО """,2465035659
"ООО ""АЛЬФА ПЛЮС""",7901021143
"АО ""РАДИО ""ЕВРОПА""",1001009512
"АУ ""НИИЦ""",8610012675
,4631006900
"ООО ""ТВ-КОЛЫМА-ПЛЮС""",4909130420
"ООО  ""ПРИМ24""",2536226349
"АУ ""НТРК ЧУВАШИИ"" МИНЦИФРЫ ЧУВАШИИ",2130054307
"ООО ""МЕГА МЕДИА""",6164307634
"ООО ""РОАЛАН""",5077017824
"ООО ""РТУ""",6916008866
"ОГБУ ""ОБЛАСТНАЯ ТЕЛЕРАДИОКОМПАНИЯ  ""РУСЬ""",4401015890
"АО ""СТВ""",2902055770
"ООО ""НАШЕ РАДИО""",1502045705
"ООО РАДИОКОМПАНИЯ  ""АССОНАНС""",4629028456
"ООО ""АРЕНА-МЕДИА""",4826075938
"ООО ""ИНВЕСТ-ТЕХНОЛОГИЯ""",6629015789
"ООО ""ТК ""КАСКАД""",7117003126
"АО ""ПЕРВЫЙ КАНАЛ""",7717039300
"ООО ""ОН-МЕДИА""",7730512340
"ООО ""САТЕЛЛИТ""",3305056740
"ООО ""ТЕЛЕРАДИОКОМПАНИЯ ""НОВАЯ ВОЛНА""",2540038965
"ООО  ""ПУЛЬС ЕЙСКА""",2306019348
"ООО ""ТРК ""НОВОЕ ВРЕМЯ""",1831084690
"КГБУ ""ОБЩЕСТВЕННОЕ ТЕЛЕВИДЕНИЕ ПРИМОРЬЯ""",2540056114
"ООО ""ТВ-21М""",7721226254
"ООО ""ЭСТЕТ-ТВ""",7717669599
"ООО ""ДРУГОЕ РАДИО""",2703024400
"ООО ""НИАГАРА ФУДС""",4029033479
"АО ""РУССКИЙ ВОСТОК""",2727023822
"ООО ""МЕДИАПАРТНЕР-АБАКАН""",1901072884
"ООО ""МЕРКУРИЙ""",0411132966
"ООО ""СИБИРЬ - МЕДИА""",0323354920
"ООО ""АВТОРАДИО-КОМСОМОЛЬСК""",2703014762
"ООО ""РЕКОМ""",1644040798
"ООО ""МЕДИА АЛЬЯНС""",3666194604
"ООО ""ТЕЛЕВИДЕНИЕ ТАЙШЕТА""",3811098426
"ООО ""СКТВ""/ТРК ""ВВ""",6143008908
"МБУ ""ТРК ""КАДУЙ""",3510007224
"ООО ""РЭСТ""",0268072094
"ООО ""ИРТА ""АБАКАН""",1900016333
"ООО ""РАДИО СИТИ""",2320166993
"ООО РИА ""ТВ-ПИЛОТ""",6901092079
"ООО ""ПРОХОРОВ МЕДИА""",6829116696
"ООО ""ГОРОД""",5502009550
"ООО ""НИКА-МЕДИА""",8603178101
"ООО ""СПРУТ-МЕДИА""",1827009450
"ООО ""КМВ ТЕЛЕКОМ""",2632065285
"ООО ""СЕМЬ МОРЕЙ""",0411133007
"ООО ""ПРАКТИКА +""",1835077485
"АО ""ГАТР""",7841320717
"ООО ""ЕЙСК-ФМ""",2331012787
"МАУ ""ТРК ПЫТЬ-ЯХИНФОРМ""",8612006282
"ООО ""МЕДИА-МАСТЕР""",2455021590
"ООО "" РАДИОКОРПОРАЦИЯ""",6231032515
"ООО СТРК ""ТЕРА - СТУДИЯ""",4714002071
"ООО ""РАДИО""",6731030298
"ЗАО ""БАЛТИК ПЛЮС""",3903000568
"ООО ""БИЗНЕС АЛЬЯНС""",4230026353
"ООО ""ТРК РУБАС""",0542028020
"МАУ ""БИ-ТВ""",8703009636
"ООО""КОМЕТА""",3120011962
"ООО ""СТОЛЕТ""",7813404147
"ООО ""ИЦ ""КИРИШИ""",4727013680
ООО ТВС,6829022350
"МБУ ЕРК ""РАДИО ЕКАТЕРИНБУРГ""",6671030237
"ООО ""ВЕРТИКАЛЬ""",3327818431
"ООО ""МЕДИА ТЕХНОЛОГИИ""",6672135539
"ООО ""МЕДИАЛЭНД""",6660144881
"ООО ""КАНАЛ СТВ""",4714019460
"ООО ""МЕДИА-ГРУППА ""ПОКОЛЕНИЕ NEXT""",0264022381
"ООО ""ХОРОШИЕ ЛЮДИ""",4345254003
"ООО ""МЕДИА ХОЛД""",7706401007
"ООО ""АРТ - МЕДИА""",2635122485
"ООО ""АИР ТВ-4""",5102040756
"ООО ""ГАРАНТ-Г""",1829009624
"ООО ""РАДИО-КОНТИНЕНТАЛЬ""",7451077175
"АНО ""ТРК ""ТЮМЕНСКОЕ ВРЕМЯ""",7203129309
"ООО ""ВЕЩАТЕЛЬ""",5902218710
"ООО ""ПУЛЬС-А""",6140021121
"ООО ""НЭФ-МЕДИА""",0105045224
"ООО ""МЕДИА - АС""",5611026869
"ООО ""РАДИОПРОЕКТ""",5043020716
"ООО ""ДАРК""",8601009789
"ООО ""ДЭМИ""",0273020246
"ООО ""МЕДИА-СИТИ""",3123095640
"ООО ""КОММУНИКАЦИОННЫЕ ТЕХНОЛОГИИ""",0270018295
"ООО ""УНАК""",7449043010
"ООО ""РАШН ТРЭВЕЛ ГАЙД""",7730582019
"АО ""САМАРА - ГИС""",6319693946
"ООО ""ТЕЛЕКОМПАНИЯ ""ВОСТОК 65""",6501104040
"ООО ""СТАРЛЕТ""",7202016694
"ООО ТРК ""ЗЕЛЕНОГОРСК""",2453023480
"ООО ""ПЛАЗМАВИДЕО""",3805708031
"ООО НПФ ""ТЕХНОЛОГИЯ""",3904003811
"АУ ""ЧЕРНОГОРСК-ИНФОРМ""",1903017448
"АО ""ОМСКОЕ РАДИО""",5528014836
"АО ""ТЕЛЕРАДИОКОМПАНИЯ ""ПЕТЕРБУРГ""",7825404448
"ООО ""РАДИО АСТРАХАНЬ""",3015044341
"ООО ""БИЗНЕС-РАДИО""",2225047756
"ООО ""ГРУ""",7447319199
"ООО ""ГОРОД ИНФО""",4329010761
"ООО ""ИТА ""ГУБЕРНИЯ""",2724047448
"ООО ""БОРНЕО""",3664226498
"ООО ""ЭКБИ""",7814046078
"ООО ""МЕДИАПРОМ""",2340017686
"АО ""КОЛОМЕНСКОЕ ТВ""",5022024195
"ООО  ""ПРЕЗЕНТ-ЧЕЛЯБИНСК""",7453190539
"ООО  ""РАДИО-ЗЛАТОУСТ""",7453203812
"ООО ""ТМТ""",1655150175
"ООО ""ВЫКСА-МЕДИА""",5247005272
"ООО ""ТРК ПРИМА-ТВ""",2466080277
"ООО ""ЕВРОПА ПЛЮС НОВОРОССИЙСК""",2315025972
"ООО ""РАДИОМИР""",3811037092
"ООО ""РАДИО-БИНЭС""",4026007745
"ООО ""КОМПАНИЯ ""МЕДИА ЛАЙН""",6660144899
"ООО ТРК ""ВИТА""",2302048732
"ООО ""ВИТА""",2302030365
"АО ""РТТ""",3128005368
"ООО ""РАДИО БЛАГОВЕСТ""",7017280091
"ООО ""РОСТМЕДИАКОМ""",1827022845
ВГТРК,7714072839
"АНО ""РАДИО ""ТИХВИН""",4715470072
"ООО ""ЭН МЕДИА""",6679005271
"ООО ""НИКА""",8603178655
"ООО ""АСТРА""",1007014170
"АО ""ТАТМЕДИА""",1655144950
"ООО ""ЛОЦМАН ФМ""",5911055772
"ООО ""ВНВК""",3327314280
"АО ""ОБЛ-ТВ""",7451434300
"ООО ""ТЕХАВТОЦЕНТР""",6439051394
"ООО ""МЕДИА СОЮЗ""",1328168253
"ООО ""СИБМЕДИАБИЗНЕС""",4217137181
"ООО ""РЕКОРД-С""",5254484354
"ООО ""МУЗ ТВ ОПЕРАЦИОННАЯ КОМПАНИЯ""",7703679460
"ООО ""МАКС-РАДИО""",7445018397
"ООО ""МЕДИА -ЦЕНТР""",3817020546
"ООО ""ВИЛГАН МЕДИА""",3407000144
"ООО ""ТЕЛЕРАДИОСЕРВИС""",0266010462
"ООО ""ПРИММЕДИА""",2721184245
"ООО ""САН""",5603007679
,6658001861
"АО ""ТЕЛЕКОМПАНИЯ НТВ""",7703191457
"ООО ТЕЛЕКОМПАНИЯ ""АИСТ""",3807000188
"ООО ""ЯРДУС""",7401016498
"ООО ""ЛИДЕР""",6452927137
"ООО ""ГОРОД ФМ""",6676000532
"ООО ""ТВ-СПЕКТР""",4824028354
"ООО "" ЛРК """,4824025427
"ООО ""ВЕЩАТЕЛЬ-МЕДИА""",6450076829
"ООО ""ТРАСТ-2""",2225222905
"ООО ""ФАНАТ""",2628039525
"ООО ""СОКОЛ""",4223034829
"АО ""ТРК ВС РФ ""ЗВЕЗДА""",7717653542
"ООО МТОТИЦ ""АРГУС""",5605022457
"ООО ""МЕЖДУРЕЧЬЕ""",3666109239
"ООО ""БРОНКО""",3123035746
"ООО ФИРМА ""ТРИАЛ""",0253005514
"ООО ""РА СИГМА""",8904053716
"ООО ""МЕДИА СТИЛЬ""",3338008118
"ООО ТЕЛЕРАДИОКОМПАНИЯ ""МАЛИНОВЫЙ КРАЙ""",7306041913
"ООО ""КОМИИНФОРМ М""",1101033011
"ООО ""МЕДИА ИНВЕСТ""",2539051168
"ООО ""СИБТЕЛЕКОМ-РАДИО""",4205085732
"ООО "" РУССКОЕ РАДИО ОДИН """,4826021259
"ООО ""НМК""",7704577132
"ООО""ИНТЕЛЕКОМ""",2505007964
"ООО ""ЭЛ-М""",8602063228
"АНО ""ИНФОРМАЦИОННЫЙ ТЕЛЕКАНАЛ ""ХИБИНЫ ТВ""",5101701996
"МБУ ""ЕТРК""",4821013945
"АО ""РАДИО-СП""",5615010355
"ООО ""КАНАЛ 49""",5404142095
"ООО ""АРС-МЕДИА""",2501013935
"ООО ""ТРК ""УДМУРТИЯ""",1800023947
"ООО ""ЭКСПРЕСС-К""",1658034064
"ООО ""МФ ""ЭХО-АСТРАХАНЬ""",3015103090
"ООО ""РАДИО СПУТНИК""",3444107760
"ООО ""РАДИОНАВИГАТОР - КУБАНЬ""",2302058071
"ООО ""РАДИУС""",5436109679
"ООО ""ПТО ""ТРЕТИЙ КАНАЛ""",1101021746
"ООО ""ЛИГА""",5911002770
"ООО ""КИРЖАЧ ФМ""",3327831810
"АО ""ТЕЛЕКОМПАНИЯ РУССКИЙ ПРОЕКТ""",7303018120
"ООО ""РАДИО-ЭКОФОНД""",6669013611
"ООО ""РАДИОСИСТЕМЫ""",6629013911
"АУКО ""ТРК ""СЕЙМ""",4632025409
"ООО  ""ТАРТИБ""",1658080991
"ООО ""ОРФЕЙ-КАЗАНЬ""",1658137454
"ООО ""НОВОЕ РА ПЛЮС""",6612014233
"ООО ""СТРК""",2320098260
"ООО ""РАДИО ""ПРЕМЬЕР""",3525074590
"ООО ""ТС ""МЕТРОНОМ-3""",2351007305
"ООО ""РАДИО МАКС""",2320166986
"ООО ТРК ""СУРГУТИНТЕРНОВОСТИ""",8602276120
"ООО ""ВОСТОК-21""",1435036460
"ООО ""РАДИО-СТИЛЬ""",3300006175
"ООО ""РАДИО 102""",3528218402
"ООО ""ТРИГОН""",5504023630
"ООО ""ТВ-ТРАНСМИТ""",3528022375
"ООО ""ПЕРСПЕКТИВА-М""",7705638740
"ООО ""РАДИО-ВЕЩАТЕЛЬ""",6450945324
"ООО ""АРТ Д""",3321032151
"ООО ""РАДИО ТЫНДА""",2808111724
"ООО ""УГЛИЧ МЕДИА ГРУПП""",7612041616
"ООО ""МИР""",0523012970
"ООО ""ТВЕРСКОЙ ПРОСПЕКТ ПЛЮС""",6905039083
"ООО ""МИТРА""",7203199899
"ООО  ""ГОРОДСКОЕ РАДИО""",6330031311
"АНО ""ГТРК""",7419005176
"ООО ""РАДИО 7 КРАСНОЯРСК""",2466078260
"ООО ""САРАНСК ТВ""",1326197604
"ООО ""ГОРА""",8603188036
"ООО ""ЦЕНТР МОЛОДЕЖНОЙ ИНИЦИАТИВЫ""",2225030992
"ООО ""КТРК ""НАДЕЖДА""",7104014709
"ООО  ""РЕКЛАМНОЕ АГЕНТСТВО ДЕВЯТКА""",4345241420
"ООО ""ТЕЛЕДОМ""",7813536048
"ООО ""РАНДЕВУ""",6150026866
"ООО ""ТРК ""ВОЛНА-ПЛЮС""",1105010544
"АНО ""ОТВР""",7717163097
"ООО ""БИСС""",3665015362
"ООО ТРК ""МАРТ""",7310008122
"ООО ""ВЕЩАТЕЛЬ""",6450049744
"ООО ""ИНФОРМАЦИОННЫЕ КОММУНИКАЦИИ""",6617020784
"ООО ""ДЕЛЬТА ТЕЛЕВИЖН""",7726700855
"ООО ""МЕДИА-ХОЛДИНГ""",6452061754
"ООО ""ЛИДЕР""",6628016275
"ООО ""МАГ ТВ""",7722765883
"ООО""РАДИО РОКС-ЛИПЕЦК""",4826026264
"ООО ""ПОЗИТИВ""",6119009428
"МУП ""ТРК ""27 ПЛЮС""",4223009090
"ООО ""ШАДР - ИНФО""",4502026560
"ООО ТЕЛЕКАНАЛ ""ЗДОРОВЬЕ""",6949009287
"ООО ""АЛЬФА-МЕДИА""",1102027677
"ООО ""ЕВРО-ПРОЕКТ""",7710675530
"ООО ""УОРЛД ФЭШН""",7702702733
"ООО ""КУЗНЕЦК-МЕДИА""",5803016536
"ООО ""СМ""",2634069260
"ООО ТРК ""СЕВЕР""",8617033441
"ООО ""ЭСГРАУНД""",4401064305
"ООО ""ПЕРМСКАЯ РАДИОВЕЩАТЕЛЬНАЯ КОМПАНИЯ""",5902187170
"ООО ""СТАВРОПОЛЬ-ПЕЙДЖ""",2634036145
"ООО ""ДИОНА""",7725688563
"ООО ""БИАНКА""",7725688490
"АУ РХ ""ТВ ЦЕНТР ""ХАКАСИЯ""",1901093429
"ООО ""САРМАТ МЕДИА""",5646031612
"ТОГБУ ""ТРК ""ТАМБОВСКАЯ ГУБЕРНИЯ""",6832036553
"ООО ""МИРАЖ""",6730025344
"ГАУ БО ""ДЕСНА""",3250064122
"АО ""ТК ""ДЗЕРЖИНСК""",0411061779
"ООО ПФО ""РАДИО ПРОВИНЦИЯ""",2632063111
"ООО ""РАДИО"" СТУПИНО - FM""",5045033887
"ООО ""РАДИОМАГНИТ""",7444042439
"ООО ""ВЕКТРАКОМ ПЛЮС""",1644030165
"ООО ""РЕДАКЦИЯ РАДИОПРОГРАММЫ ""МРЦ""",7414002301
"ООО ""ТВ-6 МОСКВА-ПЕТРОНЕТ""",1001099876
"ООО ""ТАТАРСКОЕ РАДИО ЧЕЛНЫ""",1657062703
"ГАУ ТО ""ТРТЦ""",7203593214
"ООО ""МЕДИА ПОЛЮС""",6660128093
"ООО ""ПРЕССМЕДИА""",1646018519
"ООО ""ИСТОКИ""",5753018334
"МАУ ""НГТРО""",4253057140
"ООО ""БАЛАКОВО 101,7""",6454122272
"ООО ""ЭКСЛАЙН МЕДИА""",3627019711
"ООО  ""ВИЗМЕДИА""",7726541676
"ООО ""ТРК ""НИКА""""",4026009238
"ООО ""МЕДИА-АГЕНТСТВО 58.ФМ""",5836653227
"ООО ""КУРЬЕР""",2920011744
"ООО ""ПАРИ""",2536293345
"ООО ""КАЗАК ФМ""",2310174868
"ООО ""РУ ФМ""",7733541839
"ООО ""ДЕЛЬТА ИС""",6153026649
"ООО ""РЕГИОН 72""",7202153098
"ООО ""ТЕЛЕРАДИОКОМПАНИЯ СИГМА""",8904892447
"ООО ""МЕДИА-РЕСУРС""",6450058918
"ООО ""ЭЛЕКТРОН""",4803003824
"ООО ""ИНТЕРПРЕСС""",0326003536
"ООО ""НЦТ""",4340004289
"ООО ""РТ""",4307013198
"ООО ""УГЛИЧСКИЕ ИНФОРМАЦИОННЫЕ ТЕХНОЛОГИИ""",7612039550
"ООО ""РА НОВЫЙ АРБАТ""",4205071666
"ООО ""РТ""",5918838564
"ООО ИРА ""СИБИРЬКОНСАЛТИНГ""",8608055008
"АО ""ТЕЛЕКОМПАНИЯ ""СОВЕРШЕННО СЕКРЕТНО""",7704608817
"ООО ""УЕЗДНОЕ РАДИО - ВЕЛЬСК""",2901162650
"ООО ""РУССКОЕ РАДИО ТОЛЬЯТТИ""",6321295780
"ООО ""ДВА КАПИТАНА""",6315510260
"ООО ""МЕДИАЦЕНТР""",3316001292
"ООО ""РАДИО РАНДЕВУ СФ""",5260500780
"НПТРК "" РЕГИОН-В """,3701006165
"ООО НИА ""МАКС МЕДИА""",6228025349
"ООО ""ЕВРАЗИЯ-МЕДИА""",0270018633
"ООО  ""ЕДИНСТВО""",6372013040
"ООО ""МГ ""НОВОЕ ВРЕМЯ""",1831168879
"ООО ""ТЕЛЕКАНАЛ ""МИНИ МУВИ""",7703767959
"ООО НТС ""РЕАЛ""",3015060720
"ООО АТК ""РЕАЛ""",3015062598
"ООО ""ТЕЛЕМЕХАНИКА""",7725761580
"ОАО ""МОЯ ПЛАНЕТА""",7714790212
"ООО ""МАКСИМУС""",6731038755
"ООО ""ТСТ""",2321013100
"ООО ""ИМПУЛЬС""",2721136058
"АО ""КАРУСЕЛЬ""",7717689933
"ООО ""РАДИО М-БЕЛГОРОД""",3123410517
"ООО ""ВТК""",1107000527
"ООО ""РАДИО АРЛАН""",0264018770
"ООО ""СЛУЖБА АНТЕНН ТЕЛЕВИДЕНИЯ-ТВ""",2209031237
"ООО ""АЙЛАНТ""",1101021947
"ООО ""ГОРОД-ТВ""",4345011226
"НАО ""НАЦИОНАЛЬНАЯ СПУТНИКОВАЯ КОМПАНИЯ""",7733547365
"ООО ""МЕГАТОН-ТВ""",6914012673
"ООО ""ПРОЕКТ-ББ""",2221127464
"ООО ""СИБИРСКОЕ РАДИО""",1901084784
"ООО ""МЕДИА КОММУНИКАЦИИ""",6672138226
"АО ТРК ""БАШКОРТОСТАН""",0275929870
"ООО ""СИГНАЛ""",4633000622
"ООО ""ЮЖНЫЙ ПОЛЮС""",2302039618
"ООО ""ТУЛУНСКОЕ ТЕЛЕВИДЕНИЕ""",3839002100
"ООО ""АВТОРАДИО ЕКАТЕРИНБУРГ""",6662088760
"КТ ""РЕК - МАСТЕР""",2455013536
"ООО ""КУРЬЕР""",2801076453
"ООО ""СТВ-РАДИО""",1435079819
"ООО ""АВАЛЬ-А""",2466094600
"ООО ""КОМПАНИЯ ЕС""",2320111553
"ООО ""РМГ""",2801081380
"МАУК ""ВДК""",5003005976
"ООО ""ТК ""4 КАНАЛ""",6660071834
"ООО ""ТЕХНОРАД""",7901020460
"ЗАО ""ИНТЕРРАДИО ТОЛЬЯТТИ""",6322026639
"ООО ""ТАМИНФО""",6832038159
"ООО ""ОВМГ ""АКС""",7422039560
"ООО ""МАСС-МЕДИА ТВ ЦЕНТР""",4101108791
"ООО ""РАДИОПРОЖЕКТОР""",2224137615
"ООО ""ПРАДО""",7404040403
"ООО ГТИК ""ОРЕОЛ-ИНФО""",4705021600
"ООО ""РТС""",2310079580
"ООО ""МЕДИА-РЕГИОН""",6450058925
"ООО ""РАДИО ТЮМЕНИ""",7202101639
"ООО ""ТК ""ШАНС""",2459003730
"ООО ""РР АГЕНТСТВО""",1102038654
"ООО ""КИНО ТВ""",7813545807
"ООО ""ТОРГОВЫЙ ДОМ ""УФАОПТМАРКЕТ""",0274054417
"ООО ""РАДИО.ТОЧКА""",7424028901
"ООО ""РАДИО 88,6""",7604171788
"ООО ""РАДИО 90,5""",7604171925
"ООО ""МЕДИА-КОНТЕНТ""",6450059245
"МАУ ""БЕЛГОРОД-МЕДИА""",3123211511
"ООО ""РЕДАКЦИЯ РАДИОПРОГРАММЫ ""АЛЕКС""",5243017340
"ООО ""ЛИНК""",2226016327
"ООО ""101,3""",2466040490
"ООО ""КОМПАНИЯ МОБИКОМ""",7106042067
ООО БСТ,3823030045
"АО ""КОНЦЕРН ""РАДИО-ЦЕНТР""",7704173034
"ООО ""РИА""ЛЕНИНСК""",4212023536
"ООО ""ЛТВ""",2526003022
"ООО ""ОТК""",5501227932
"ООО ""НТК""",2918007684
"ООО ""УЕЗДНОЕ РАДИО - БЕРЕЗНИК""",2901162642
"ООО НТ ТК ""ТЕЛЕКОН""",6623118900
"ООО ""СТАТУС""",2626030559
"ООО ""КАМЧАТМЕДИАСЕРВИС""",4101097331
"ООО ""КТВ-3""",6827001788
"ООО ""СОВРЕМЕННЫЕ ТЕХНОЛОГИИ""",1650052382
"ООО ""ЦНТР 34""",3444162707
"ООО ""СЕРОВ  ФМ1""",6632032199
"ООО ""СТАР МЕДИА""",2623800400
"ООО ""ИНТЕРФЕЙС""",6151054400
"ООО ""ТРК НОВОМОСКОВСК""",7116158021
"ООО ""ЛИПЕЦК-СИГНАЛ""",4826038598
"АО ""ГОРОДСКОЙ ТЕЛЕКАНАЛ""",7606007945
"ООО ""РАДИО АРМАНС""",4826148671
"ООО ""МЕДИАГРУПП""",3304015318
"ООО ""РЕКЛАМНОЕ АГЕНТСТВО ""МАСТЕР""",2204005850
"ООО ""ШТРИХ А""",2227016584
"ООО ""РАДИО-ХОЛДИНГ""",6450034674
"ООО ""ИНСАЙТ-ИНФО""",7325005692
"ООО ""СКТ""",7827010671
"ООО ""ЗУИРК""",5902146102
"ООО ""МЕДИА XXI""",6027120641
"ООО ТРК ""ЩЁЛКОВО""",5050137507
"ООО ""РАДИОГРАД""",7801107164
"АО ""ТВЦ ""ПЛАНЕТА""",5610011193
"ООО ""ТВ - ОБЛАСТЬ""",6901046386
"ООО ""СЕНАТОР""",7446027524
"АО ""НТМ""",7444020322
"ООО ""КОМПАНИЯ ""ЭЛКОМ""",1701033486
"ООО ""МММ""",0517000180
"АО ""РАДИОСТАНЦИЯ ""ЕВРАЗИЯ-КЛАССИКА""",7703008415
"ООО  ""ОРИОН ЭКСПРЕСС""",7710582109
"ООО ""РГ ""САМАРОВО""",8601048379
"ООО ""ДОМ КАПРИС""",8622014109
"ООО ""ТАТРЕКОРДС СТУДИЯ""",1656066600
"ООО ""КОСТОМУКША-МЕДИА""",1004010107
"ООО ""ДЭНС""",6372014614
"ООО ""ФЭФ""",3235003277
"ООО ""РАДИО УРАЛА""",7206035419
"ООО ""РАДИО ЕВРАЗИЯ""",7325058430
"ООО ""АСТУРИАС""",2632052261
,7728075928
"ООО ТЕЛЕКОМПАНИЯ ""РТВ""",8602005931
"ООО ""РУТЕК""",1324042531
"ООО ""ВОЛНА БАЙКАЛА""",3827047522
"ООО ""ГЕНЕРАТОР""",7203161856
"ООО ""ТЮНЕР""",5262125359
"ООО ""РАДИО 107""",2308039685
"ООО ""РАДИО-СЕРВИС""",1643012759
"ООО ""СКТ""",6501180362
"ООО ""ДОН МЕДИА ГРУП""",6153023006
"ООО ""ТЕЛЕРАДИОКОМПАНИЯ ""ОХА""",6506008559
"ООО ""НЕО СТАНЦИЯ""",6154094722
ОКМС,6945001960
"ООО ""СФ-МЕДИА""",6381019633
"ООО ""ИНФОРМАЦИОННЫЕ СИСТЕМЫ""",1657010215
ООО ''КУРЬЕР'',3305039777
"ООО ""РЭМО-РС""",6452051530
"ООО ""КАСПИЙСКАЯ МЕДИАГРУППА""",3015082202
"ООО ""ТЕЛЕКОМПАНИЯ ""ЭХО САХАЛИНА""",6501099200
"ООО ""РАДИО 101 В НИЖНЕМ НОВГОРОДЕ""",5260411442
"ООО ""МЕДИАЛАЙН""",5235006994
"ООО ""СЗМГ""",7841401902
"ООО ""ТРК""САМОТЛОР""",8603238294
"ООО ""НПП АРИС ""ДУБЛЬ""",0262000199
"ООО ""РАДИО ДУБНА""",5010037150
"ООО ТРК ""АРИС""",0262002742
"ООО ""РАДИО""",2309124213
"ООО ""РАДИО РИО""",4222013390
"ООО ""ВОЛНА""",7313007705
"ООО ""БЮРО ДОБРЫХ УСЛУГ""",1650213223
"ООО ""КАМСКАЯ ВОЛНА""",5919008453
"ООО ""ОРЕН-ТВ""",5610069796
"ООО ""ВИДЕОТОН А""",6125028940
"АО ""КОММЕРСАНТЪ""",7707120552
"ООО ""ЭХО""",3666078446
"ООО ""ТЕАТР ""ГОНГ""",6643008409
"ЗАО ""ЛВС""",3308005536
"ООО ""ССС""",6453007397
"ООО ""ТЕЛЕАНТЕННЫ""",6345009069
"ООО ""РАДИОСЕТЬ""",2349031854
"АО ""ТЕЛЕКАНАЛ 360""",5024176605
"КГАУ ""ДИРЕКЦИЯ КРАЕВЫХ ТЕЛЕПРОГРАММ""",2466087561
"ООО ""КАНАЛ ИНФО""",4826037795
"ООО ""РВК""",6623090324
"АО ""ЭРНА-М""",5191407509
"ООО ""РУССКОЕ РАДИО -КУРГАН""",4501125470
"ООО ""ВЕЩАТЕЛЬ""",5537009127
"ООО ""РУССКИЙ ВИТЯЗЬ""",2225026932
"ООО ""НЕОКОМ""",2508015628
"ООО ""РАДИО 56""",7726581710
"ООО ""ВОСТОК МЕДИА""",6633020164
"ООО ""ЭНЕРГОТЕЛ""",6619011601
"АО ""САР""",7805381697
"ООО ""ЛАВ НВ""",8603197400
ОООПП КПРФ,5503066286
"ООО ""ТЕЛЕМИГ""",2629005720
"ООО ТРК ""ТИХИЙ ДОН""",6162512042
"ООО ""РУБИКОМ""",3813003035
"ООО ""МЕРИДИАН""",6318007961
"ООО ""ТЕХИНВЕСТ""",7206030724
"МУ РТРК ""ЖУКОВ-ТВ-СТЕРЕО""",4007003488
"ЗАО ""РЕЛАКС""",4347004129
"ООО ""ВЕЩАТЕЛЬНЫЕ СИСТЕМЫ""",4347034677
"ООО ""КАНАЛ 12""",3528033352
"ООО ""УНИВЕРСАЛ""",4025434783
"ООО ""КТРК""",7413011631
"ООО ""ОРЕНМЕДИАПЛЮС""",5610133956
"ООО ""ВЕКТРАКОМ""",1644023513
"ООО ""ГС-МЕДИА АРИС""",0274091673
"ООО ""СИЛЬВЕР-С""",5254484474
"ООО ""БИТ""",3837004616
"ООО ""ТАТАРСТАН 24""",1656069350
"ООО ""РТФ""",2322019313
"ООО ""ЛАНС""",6027075220
"ООО ""ВОЛГА-РАДИО""",5262104327
"ООО ""РЕТРО ОМСК""",5504221424
"ООО ""КОМПАНИЯ ""НЕРА""",6660082674
"ООО ""ФОРПОСТ""",6722001036
"ООО ""ВОДТВ""",7705849357
"ООО ""МУЗ ТВ СЕТЬ""",7703663830
"ООО ""РАДИО ЛЮБОВЬ""",4101141421
"ООО ""КАМЧАТКА ФМ""",4101156770
"ООО""АПТО""ЭЛЕКТРОН""",2323018560
"ООО ""СТРЕЛА""",2700039328
"ООО ""АЛЬТЕКС МЕДИА""",6602010617
"ООО ""КОСТРОМА МЕДИА""",4401139649
"ООО ""ТК ""РЕЗОНАНС""",6672208730
"АНО ""РЕДАКЦИЯ ТЕЛЕКАНАЛА СОВЕТА ФЕДЕРАЦИИ""",7707491148
"ООО ""РАДИОЭФИР""",6660135319
"ОАО ""ОБЛ. ТВ""",6608006790
"ООО ""МЕДИА-Н""",8610025434
"ООО ""ПУЛЬС-Р 103,3""",6165161106
"ООО ""РАДИО САРАНСК""",1300008115
"ООО ""БНТВ""",6906006620
"ООО ""РАДИОДОМ""",1515910500
"ООО ""ВектраКом""",1644023513
"ООО ""НТС""",3821008020
"ООО ""ЭСКОРТ""",1632006915
"ООО ""МЕДИА ПОРТАЛ ШАХТЫ""",6155043960
"ООО РКФ ""КАМЕРОН""",3016040999
"ООО ""ЗОЛОТАЯ СЕРЕДИНА""",4217035912
"ОБУ ""ТРК ""ЛИПЕЦКОЕ ВРЕМЯ""",4826039802
"ООО ""РЕВДА ФМ""",6627017438
"ООО ""АРТ- МЕДИА""",0721013574
"ООО ""АВТОРАДИО""",7024019677
"ООО ""РТВ""",5501038526
"ООО ""ЛАЙНЕР""",3305058561
"ООО ""ЛАЙТ МЕДИА""",3817032502
"ООО ""ПАРУС""",6439043957
"ООО ""ТВ""",2450023570
"ООО КТРК ""ЕВРОПА""",0265016422
"ООО ""УРАЛМЕДИАТРЕЙД""",7422041174
"ООО ""ИНТЕРЛАЙН""",0816014216
"ООО ""ИНФОКОМ - Т""",6727019051
"ООО ""АВАНГАРД""",7321317115
"ООО ""СЕРОВ ФМ+ТВ""",6632024053
"МАУ ""МУРАВЛЕНКО МЕДИА""",8906006091
"ООО ""С.Ю.С.""",6731036194
"ООО ""МЕДИА ГРУППА""",5221006264
"ООО ""УРАЛЬСКИЙ МЕДИА ХОЛДИНГ""",6625033113
"ООО ""ФИРМА ""БИС""",0275023387
МУ Р РАДИО-ТЕЙКОВО,3704005032
"ООО ""СИБСВЯЗЬИНФОРМ""",4220026467
"ООО ""АЛЕКС М""",5031072572
"ООО ""ТЕХЦЕНТР""",3819021915
"ООО ""ТЕЛЕКОМПАНИЯ ""АРИГ УС""",0326499787
"ООО ""ФОРМАТ""",2463083431
"ООО "" МРК "" Л- РАДИО """,4825014139
"ООО ""РАДИО-ПРЕМЬЕР""",1835047064
"ООО ""ГРАНД""",0256021070
"ООО ""МУРМАН МЕДИА""",5190140108
"ООО ""НПРО ""УРАЛ""",7422004373
"ООО ""ОЛЕНЕКСКИЕ ОГНИ""",1422002216
"ООО ""МОДЕРН""",7813644149
"ООО ""ЭФИР-ВЛАДИВОСТОК""",2538036086
"ООО ""РАДИО УЗЕЛ""",6661089552
"ООО ""ТРК ТВС""",7457013788
"ООО ""ГОРОДСКОЕ РАДИО""",2636037271
"ООО ""СТРК ТИВИКОМ""",5045045610
"ООО ЦНТ РД Т/К ""ТБС""",0561045938
"ООО ""ЕНИСЕЙ-ИНФОРМ""",2447009487
"ООО ""ТВ-РОКС""",2627014310
"ООО ""Р-СТОУН""",2209023420
"ООО ""ГОНГ ТВ""",6612004475
"ООО ""НТК""",0721013567
"ООО ""МЕДИА-ФОРУМ""",4632035446
"ООО ""БАШВЕСТЬ""",0258010236
"ООО  ""УРАЛ-МЕДИА""",7451347390
"ООО ""ЕВРАЗИЯ""",1102022911
"ООО ""НОЯБРЬ ЛТД""",3837511126
"ООО ""МЕДИА КОММУНИКЕЙШНС""",7704723785
"ООО ""ПРЕССА""",6731028362
"ООО ""ВАКТОН""",7706207440
"ООО  КОНСАЛТИНГОВАЯ КОМПАНИЯ ""ИПЦР""",6829143410
"ООО ""СЯСЬ-ТВ""",4702016200
"ООО ""ДЭНС ФМ""",6632004297
"ООО ""ТТЦ""",5914017430
"ЗАО ""РАДИО""",7021052965
"ООО ""РАДИО МАРУСЯ ФМ""",4028041452
"ООО ""ТАВРО""",3729006662
"ООО ""КМ""",1004014366
"ООО ""АРТХОМ""",2502033959
"ООО ""МИАСС ОНЛАЙН""",7415056229
"АО ""КРТК""",1101205895
"ООО ""УИ ТРК""",3817022247
"ООО ""ЯРОСВЕТ""",4101088560
"ТРО ""СОЮЗА""",7710313434
"ООО ""ГОРОД АТВ""",2634809483
"ООО ""СИСТЕМА ФМ""",1001198348
"ООО ""РАДИО-РЕЗОНАНС""",5262060327
"ООО ""РАДИО-ЛЮКС""",7455033771
"ООО ""КОНТУР""",1433015753
"ООО ""РОСТ""",2302032330
"ООО ""ПУЛЬС-Р""",6140020488
"ООО ""СВЯЗИСТ""",5250020175
"ООО ""ВОЛНА""",7116510130
"ООО ""БАЙКАЛ МЕДИА""",0326020980
"ООО ""РАДИОКАНАЛ ""БУРЯАД ФМ""",0326500827
"ООО ""НОКС""",5607013200
"ООО  ""2ТВ""",3444177816
"АО ""ДЕЛАЙ МЕДИА""",4223134005
"МАУ ""ТРК ХОЛМСК""",6509021212
"ООО ""РАДИУС""",5408142530
"ООО ""РАДИО ""МАКСИМУМ - КАЗАНЬ""",1656021655
"ООО ""МЕДИА-ЦЕНТР""",4401142440
"ООО ""АГГАРТА""",1701031552
"ООО ""КОМПАНИЯ ""АЛМЕДИА""",5001057376
"ООО  ""ТВ-МОСТ""",4206029811
"ООО ""СИТИКОМ САФОНОВО""",6726014639
"ООО ""ХИТ-РАДИО""",4025073287
"ООО ""ДОМИНО""",5102043034
"ООО ""ФИРМА ТЕХНИКА""",1659203999
"ООО ""ПРОГРАММА ПЕРЕДАЧ""",7704525261
"ООО ""НИТВ""",7813463047
"ООО ""ИРК""",3702533397
"ООО ""МЕГАМЕДИА""",6658151842
"ЗАО ""ЕВРОПА ПЛЮС БЛАГОВЕЩЕНСК""",2801039885
"ООО ""КОМЕТА""",5048016150
"МАУ ""ТРК ""БРАТСК""",3803201084
"ООО ""ИНФОМЕДИАБИЗНЕС""",7714232698
"ООО ""ТРК ""ЕВРАЗИЯ""",5615011366
"ООО ""ВОЛНА""",6656019302
"ООО ""МЕГАФОРУМ""",6670430095
"ООО ""АЙВИС ПЛЮС""",7116502027
"ООО ""ОРБИТА""",0326021380
"АО ""ЭХО""",5904133941
"ООО ""ИВЕТА""",5607000025
"ООО ""РАДИО-7""",2204016010
"ОБЩЕСТВО С ОГРАНИЧЕННОЙ ОТВЕТСТВЕННОСТЬЮ ""СТРК""",0317010449
"ООО ""АЙВИС""",7103002771
"ООО ""ВИНИЛ""",3816009405
"ООО ""ЛУКИ ФМ МЕДИА""",6025027608
"ООО ""МИУС-МЕДИА""",6119002687
"ООО ТРК ""СТОЛИЦА""",1435135037
"ООО ""МЕСТКОМ""",2313020947
"ООО ""БИЗНЕС-МЕДИА""",1101128545
"ООО ""АПГРЕЙД""",6446812554
"ООО ""МСС""",5053080055
"ООО ""РУССКИЕ ЗВЕЗДЫ""",6659070709
"ООО ""КЛАССИКА""",5031031167
"ООО ""ПЕРВЫЙ ГОРОДСКОЙ КАНАЛ""",3906211341
"ООО ""МЕДИАЦЕНТР""",7418021506
"ООО ""РАДИО ВЕРЕЩАГИНО""",5902137073
"МБУ ""ТРК-РСТР""",6219007671
"ООО ""ПЕРВАЯ МЕДИАГРУППА""",3453000332
"ООО ""НОСТАЛЬЖИ-ПЕРМЬ""",5905007234
"ООО ""ТРОТЕК""",5046053283
"ООО ""СЕМЬ ЗВЁЗД""",3438006241
"ООО ""КИНОТЕАТР ""ПАРНАС""",3128037426
"ООО ""ГЕРЦ""",7451074022
"ООО ""РАДИОКОМПАНИЯ ""ЕКОР""",6660005239
"ООО ""ВТРК""",6025021050
"ООО ""РТКА""",1644016330
,1654030654
"ООО ""ИШИМСКОЕ ВРЕМЯ""",7205022223
"ООО ""А.Т.И""",3905052160
"ООО ""ПРИНТ-КРЕАТИВ""",5702007278
"ООО ""КУБАНЬ 24""",2310239184
"ООО ""МЕДИАХОЛДИНГ ""МАКС МЕДИА ГРУПП""",2320236898
"ООО ""РК ""КОМ-ИНФО""",6670430070
"ООО ""КАМ ТВ""",6613001100
"ООО ""ВИВАТ МЕДИА""",3834014479
"ООО ""ВИКТОРИЯ""",0914000290
"ООО ""КОРПОРАЦИЯ ШОВВИС""",0544017338
"ООО ""АСКО-ХОЛДИНГ""",6450034579
"ООО ""СИТИ ФМ""",0278171200
"ООО ""ФАЙЛ""",1102006162
"АО ""ТИВИКОМ""",0326550539
"ООО ""АПС""",2901237665
"ООО ""АРК""",2901073103
"ООО ""АРТЕЛЬ""",6829049760
"ООО ""ТВ КУПОЛ""",7813110041
"ООО ""ВОЛНА""",3610000261
"ООО ""ГИГАНТ-СЕРВИС""",4027101571
"ООО ""СЕДЬМОЕ НЕБО""",7413012498
"ООО ""ЛЯ МАЖОР""",8904057622
"ООО ""РАДИОТРЕК""",6658013338
"ООО ""ЦИРКОН""",5101402114
"ООО "" ЕВРОПА ПЛЮС КРАСНОЯРСК """,2465104359
"МАУ МТРВ ""ТОЛ БУЙЛАРЫ"" (ПРИТУЛВЬЕ)",5930003378
"МУ ""БРОННИЦКИЕ НОВОСТИ""",5002004070
"ООО ""СИГНАЛ""",6827015702
НТРК,3835000126
"ООО ""КРЫЛЬЯ""",6228042785
"АНО ""ИИЦ ""СВЕТЛЫЙ ПУТЬ""",7219008814
ООО ТБС,8906006447
"ООО ""ФОТОН""",6330029087
"ООО ""АМУР МЕДИА ГРУПП""",2801095449
"ООО ""ТВК""",4634011440
"ООО ""ЗАР-МЕДИА""",7731452365
"ООО ""МТВ НЕТВОРКС ЭНТЕРТЕЙНМЕНТ ВОСТОК""",7743785993
"ООО ""АРК""",3015098202
"МКУ ИА ""НОВОСИБИРСК""",5404326335
"ООО ""НЧ""",2128021696
"ООО ""ГАЛАКТИКА""",5919001338
"ООО  ""МЕДИА-ГРУПП""",2337040766
"ООО ""ТВН""",4217179583
"МУ ""ТРК ""АРЗАМАС""",5243016629
"ООО ""КИРОВ ФМ""",4345205630
"ООО ""ВЕЧЕРНИЙ СИМБИРСК""",7325047861
"ООО ""ЭКСПЕРТ-М""",1102064502
"ООО  ""ПРАКТИКА МЕДИА""",6916012894
"ООО ""НАВИГАТОР ПЛЮС""",3250071095
"ООО ""ПЕТЕРБУРГСКИЕ СЕТИ""",4707033960
"ООО ""РЕКЛАМ-АРТ""",1652019126
"ООО ""СЛАВА""",3702090265
"ООО ТРК ""СИБИРЬ""",8604043435
"ООО ""СВТВ""",2704014677
"ООО ""АВТОСЕВЕР""",6632025748
"МУ ""РЕДАКЦИЯ РАДИО-КИНЕШМА""",3703014860
"МКУ ""РАДИО - ВИЧУГА""",3701006006
"ООО ""НОРД-ВЕСТ ПРОЕКТ""",6027168403
"ООО ""ГАЗПРОМ ТРАНСГАЗ ЮГОРСК""",8622000931
"ООО ""ПСТВ""",6507012597
"ООО ""ТРЕНД-ИНФО""",6381018100
"ООО ""ТЕЛЕВИДЕНИЕ БУДУЩЕГО""",7724833271
"АО  ""ДЕВЯТКА ТВ""",4345357023
"ООО ""ТРК ""СУПЕР-ВОЛНА""",0274026459
"ООО ""ЭЛЕКТРОСВЯЗЬ""",6630010369
"ООО ""МАТРИЦА""",3525192058
"ООО РВК ""СН""",2508004129
"ООО ""ТВК""",2334024004
"ООО ""ТРК ""РЯЗАНЬ""",6231037175
МБУ ДК,6825003571
"ООО ""ПРЕМИУМ""",4202026658
"ООО ""РАДИОСТАНЦИЯ ""ЭКСПРЕСС""",6674174090
"ООО ""ЦЕНТРИНТЕХ"", ООО ""ЦИНТ""",3436013211
"ООО ""ЛАЙТ-РАДИО""",3703014179
"ООО ""ШОРИЯ-МЕДИА""",4252001426
"ООО ""СТАЛИТ""",6154015248
"ООО ""РИМ ПЛЮС""",3905056157
"ООО ""МЕДИАКОМ""",3813001373
"ООО ""ФМ-НА-АМУРЕ",2703075331
"ООО "" МЕДСЕРВИС """,5827007330
"ООО ""ДАЙДЖЕСТ ТВ""",7017015777
"ООО ""ПРОМО""",3126014399
"ООО ""СТАЙЛ ГРУП""",7704809880
"ООО ""ПАБЛИК ТВ""",7703781625
"ООО ""МУЗЫКАЛЬНОЕ РАДИО""",6317041039
"ООО ""ВЯТКА-ФМ""",1656055196
"ООО ""СЛУЖБА ИНФОРМАЦИИ РАДИО СИБИРИ""",5403117096
"ООО ""ВЛАДИМИР МЕДИА""",3327823760
"ООО ""РЕДАКЦИЯ ГАЗЕТЫ ""ДВАЖДЫ ДВА""",2801008301
"ООО ""РИК""",5248032600
"ООО ""ЕВРОПА ПЛЮС ЧЕБОКСАРЫ""",2130191310
"ООО ""МЕДИА-ЛАЙН""",6660048296
"ООО РК ""ГОЛОС АНГАРЫ""",3823012279
"ООО ""А-МЕДИА""",2902075400
"ООО ""РАДИО ""КП""",5013050880
"АО ""АРТ-РАДИО""",5260062819
"ООО ""МОБИЛ ТЕЛЕКОМ ПЛЮС""",7417006375
"ООО ""ИНТЕРМОДА""",7707432640
"ООО ""РЕДАКЦИЯ ""РАДИО ТРОЙКА""",4101065604
"ООО ""ЛУЧШЕЕ РАДИО""",3525308263
"ООО ""АВТОРАДИО""",1841070047
"АНО РЕДАКЦИЯ ТК ""ПУЛЬС""",6375997049
"ООО ""БЕЛЫЙ КРАЙ""",3126012761
"ООО ""ГРУППА ""ДИВЬЯ""",4715014256
"ООО ""РАДИОКОМПАНИЯ ""ПОЛУЖЬЕ""",4710010360
"ООО ""НОВАЯ ВОЛНА""",6147026200
"ООО ""МЕГАТРАСТ""",7404047977
"ООО ""КАЛЯЗИНСКОЕ ТЕЛЕВИДЕНИЕ И РАДИО""",6925008044
"МБУ ИА ""ЯТВ""",8909001158
"ООО ""ЭКВИЛОН-МЕДИА""",5404287608
"МБУ ""РЕДАКЦИЯ ТРК ""ОТРАДНЫЙ""",6340008400
"ООО ""РАДИО КУРЬЕР""",6154089909
"ООО ""ИШИМ ТВ""",7205017569
"ООО ""ИНФОМЕДИА""",5903078656
"ООО ""С-ТЕЛЕКОМ""",3322011475
"ООО ""ЭФИР""",2801088667
"ООО ""АРКТИКА МЕДИА""",8905067133
"АУ ""НИЦ""",8604023358
,1504024965
"ООО ""ТЕЛЕВЬЮ""",0266027890
"ООО ""ЗВУК""",6619015740
"МАУ МО Г. ИРБИТ ""РТР ""ИРБИТСКИЙ ВЕСТНИК""",6611000196
"ООО ""НТК ""ТИХОРЕЦК-ТВ""",2321003350
"МБУ ""ТРК ""БАЛТИЙСКИЙ БЕРЕГ""",4714015994
"ООО ""РАДИО БУМ""",7726574520
"ООО ""РАДИО МИР""",5404201791
"ООО ""ЭНЕРГИЯ ВОСТОКА""",2536151439
"ООО ""АРТ ПРОЕКТ""",0260009580
"ООО ""ТЕЛЕКОМ-ПР""",6450001140
"ООО ""КОРЕНОВСК-ТВ""",2373003463
"ООО ""ИНФО""",1831108943
"ООО ""РЕГИОН 35. РУ""",3525106972
"ООО ""ВЕСТА""",7106058532
"ООО ""РАДИО ЮНИТОН""",5405169445
"ООО ""ОМС""",6950064839
"АО ""ТЕЛЕКОМПАНИЯ АКТИС""",3801007290
"ООО""СКИТ""",6611001464
"ООО ""ТРК ""ДИКСИ""",5920014317
"МБУ ""СУН""",5032382369
"МКУ Г.БУЗУЛУКА ""СТВ ""БУЗУЛУК""",5603050480
"ООО ТРК ""СКАТ""",6316202572
"ООО "" ТЕЛЕРАДИОКОМПАНИЯ "" ОКТАВА""",4629032519
"ООО ""ОТКРЫТЫЕ МЕДИАСИСТЕМЫ""",6901042247
"ООО ""АВТО-РАДИО""",2927004880
"ООО ""ГРАНД""",3620012724
"ООО ""РАДИО ПЛЮС""",6730028698
"ООО ""ОРИОН ЮГ""",2341012754
"ООО ""МЕДИА-ПАРТНЕР""",6501153834
"ООО ""ЛЮКС-ТВ""",7606024852
"ООО ""РУСМЕДИА""",1661011620
"ООО ""БОЛЬШОЕ РАДИО""",7706549028
"МАУ ""ТАГИЛ-ТВ""",6668013168
"ООО ""ГОРОДСКОЕ РЕКЛАМНОЕ АГЕНСТВО""",8603044490
"ООО ""РЕГИОН-МЕДИА""",3528053920
"ООО ""АЛЕКО""",2538090291
"ООО ""ИНТЕРКОМ""",5921022286
"ЗАО ""РАДИО СИБИРЬ - БАЙКАЛ""",0323350080
"МАУ ""РЕДАКЦИЯ ГАЗЕТЫ ""БОГОРОДСКАЯ ГАЗЕТА""",5245006538
"ООО ""РАДИОСТАРТ""",5191324676
"ООО ""ПАРИТЕТ - Л""",3328408124
"ООО ""УЛЬТРАМАРИН""",5022088840
"АО ""ЛОТ""",4705011714
"ООО ""СЕТИ-ИНФО""",5229008961
"ООО ""РИА ""РИКОНА""",5045026985
"ООО ""ЭЛКОМ""",1657050320
"ООО ""ЭФИР""",1656002437
"МБУ ""РТП ""РАДУГА""",5034063960
"ООО ""МЕДИА ЛАЙН""",0326514153
"ООО ""ВЕРНЫЕ РЕШЕНИЯ""",4704086450
"ООО ""ПОЗИТИВ""",6654011900
"ООО ""РАДИО МСМ УЛАН-УДЭ""",0323373962
"ООО ""МЕДИА-ХОЛДИНГ ""СЛОВО""",5503235640
"ООО ""СВК""",8901000025
"ООО ""КВК""",4632121007
"ЗАО "" РАДИОКОМПАНИЯ "" КУЛЬТУРА """,7825407720
"ООО ""РАДИО ЗАЩИТА""",1650057782
"ООО ""НИТТИС МЕДИА""",5107911485
"МКУ ""КИРОВ - ТВ""",4000013991
"ООО ""КАМЫШИН МЕДИА ТВ""",3453000741
"ООО ""САРАНСКМЕДИА""",1326200102
"ЗАО ""РАДИО РЕКОРД""",7805033690
"ООО  ФИРМА ""999""",7104083011
"ООО ""АЛСЕТ""",7024014855
"МАУ ""ИСТОКИ""",5235009554
"ООО ""РРВК ДУБНА""",5010028251
"ООО ""РАДИОВОЛНА""",5921030343
"ООО ""РУССКИЙ ПРОЕКТ""",3123410468
"ООО ""ТЕЛЕРАДИОКОМПАНИЯ ГОРОД""",4025077186
"ООО ""ОБНИНСК ФМ""",4025422347
"ООО ""ИНКОМ""",6654010551
"МАУ ""ТЕЛЕРАДИОКОМПАНИЯ  БИРЮЧ""",3111006010
"ГБУ НАО ""НЕНЕЦКАЯ ТРК""",2983005616
"МАУ ""ИЦ ""ЧЕРЕМХОВО""",3820007520
"МАУ ""КНЯГИНИНСКИЙ РИЦ""",5217004070
"ООО ТРК ""РУССКОЕ РАДИО КОМСОМОЛЬСК""",2703092834
"ООО ""РАЙОННЫЕ ВЕСТИ ТАЦИНСКОГО РАЙОНА""",6134012802
"ООО ""ЛАДА-МЕДИА""",6321313430
"ООО ""КЛЕН""",4205109535
"ООО ""ДАТТ-СТИЛЬ""",1655301890
"ООО ""РЖД ТВ""",7701371574
"ООО ""ТЕЛЕКОМПАНИЯ ШАНТ""",7721703531
"ООО ""РК МЕДИА""",4401148185
"ООО ""АРТВИС-МЕДИА""",7627019317
ООО СТВ,0317002737
"МУ ""ИА ""ГОРОД""",2801038401
"ООО ""ТА РУССКИЙ РЕПОРТАЖ""",7714851930
"ООО ""ЮНИКОМ""",4205329690
"ООО  ""НАВИГАТОР ПЛЮС""",5035042191
"ООО МЦ ""НАДЕЖДА""",7126503125
"ООО ""ПЭМКО""",6617024228
"ООО ""Р-РЕТРО""",3702745271
"ООО ""ТРИ А""",3124008128
"ООО "" МГЭ""",5254026876
"АО ""СИГНАЛ""",3122004167
"ООО ПРЕДПРИЯТИЕ ""АРГУС""",3662017386
"ООО ""ИНТЕР-ШОУ""",6027078870
"ООО ТРК ""УРАЛКУЗ ТВ""",7415083470
"ООО ""СЕВЕРНЫЙ ВЕТЕР""",1435129530
"ООО ""МЦ ""ОРИОН""",1901066810
"ООО ""БЕТА""",5981005768
"ООО ""СТВ""",5919007146
"МП ""ТЕЛЕРАДИОКОМПАНИЯ ""ДИАЛОГ"" УКМО",3818004963
"МАУ АСГО  ""ГТРК""",4246026077
"ООО ""НОВАЯ ВОЛНА""",5802009945
"МАУ ""ДОМ МОЛОДЕЖИ""",2706008767
"ООО ""ДОРИМИ""",4401150145
"ООО ""МЕДИКОМ""",5532007694
"ООО РАДИО "" НА ВОСТОКЕ """,3902006158
"ООО ""РАДИО КАВКАЗ ХИТ""",6165147542
"ООО ""РАДИО КАМЧАТКА""",4100008579
"ООО ""ЗА ОБЛАКАМИ ТЮМЕНЬ""",7204146226
МАУ УЧАЛИНСКАЯ ТЕЛЕРАДИОСТУДИЯ ГОРОДСКОГО ПОСЕЛЕНИЯ ГОРОД УЧАЛЫ МР УЧАЛИНСКИЙ РАЙОН РБ,0270011123
"ООО ""РЕТРО-НОВОСИБИРСК""",5406297369
"ООО ""ПЕРВОЕ РЕГИОНАЛЬНОЕ РАДИО-АРЗАМАС""",5243028085
"ООО ""АЛАТЫРЬ-ТВ""",2122004581
"ООО ""РАДИУС""",2511080680
"ООО ""МЕДИА ПРОЕКТ""",6229070626
"ООО ""РС""",5918840002
"ЮКО ""УСТЬ-БЕЛОКАЛИТВИНСКИЙ КАЗАЧИЙ ЮРТ"" ОКО ДОНЕЦКОГО ОКРУГА ВКО ВВД",6142016536
"МАУ ""РЕДАКЦИЯ ГАЗЕТЫ ""ПРИЗЫВ""",5009091280
"ООО ""ТДД""",5007081417
"ООО ""АПЕКС-РЕГИОН""",4217198610
"ООО ""РАДИОСЕТЬ ""ОРР""",7709466130
"ООО ""ПОЗИТИВ""",5043045661
"ООО ""РАДИО-РЕГИОН""",3123061866
"ООО ""СТРОЙТОРГ""",2106007200
"ООО ""ОЧАГ""",6684013398
"ООО ""СИБИРЬ-ТВ""",4205288651
"ООО ""ДИДЖИТАЛ МЕДИА""",7722839119
"ООО ""М.А.Г.""",6167125368
"ООО ПЦ ""МЕДИАПОЛИС КАЛУГА""",4401149622
"ООО ""ОТКРЫТОЕ РАДИО-ТВЕРЬ""",6905064178
"МУПСИСМИ ""ИНФО-СПУТНИК""",5114020024
"ООО ""АЛЬКОМ""",1628008099
"ОАО ""РТР""",8622014645
"ГБУ НСО ""ОТС""",5404090182
"ООО ""РБС-МЕДИА""",2315126138
"ООО ""МЕДИАЛИДЕР 21""",2130134312
"ООО ""КАМЫШИН-ФМ""",3436112540
"ООО ""ФОРЕСТ-МЕДИА""",2454019976
"ООО ""ЕВРОПА ПЛЮС СЕРОВ""",6632020838
"МАУ ""РОСЛАВЛЬСКАЯ ТЕЛЕРАДИОКОМПАНИЯ""",6725013022
"ООО ""РКТ""",5919997454
"ООО  ""А 42""",4205151382
"ООО ""МЕДИА-ФОРМАТ""",5077023634
"ООО ""ПУШКИНО-ИНФОРМ""",5038049036
"ООО ""СПЕКТР""",6632031893
"ООО ""СТРАТЕГИЯ ПЛЮС""",7901526634
"ООО ""РАДИО БУГУЛЬМА""",1645008927
"МБУ ""ГТРК ""ВЕКТОР""",8911015486
"АО ""КОНЦЕРН РОСЭНЕРГОАТОМ""",7721632827
"АО ""ИРК ""ПРИНТ-ТВ""",5702005055
"ООО ""ФОРУМ""",2321012587
"ООО ""РЕКЛАМА ХАКАСИИ""",1901068214
"АО ""ХИМКИ-СМИ""",5047065919
"ООО ""МЕДИА-ПАРТНЕР""",3702552488
"ООО ""РА ""САМАРОВО""",8601026872
"ООО ""АЛЬФА""",5981005704
"ООО ""ИСТРАНЕТ""",5017050577
"МАУ ""ЕСН"" ЕМР РТ",1646024752
"ООО ""ММР""",7709901199
"ООО ""РУСЛАН""",0547009582
"ООО ""ДОЖДЬ""",5753036774
"ООО ""ОНЕГО-ТВ""",1015003327
"МУ ""РЕДАКЦИЯ РАДИО ""ПРИВОЛЖСКАЯ ВОЛНА""",3719009505
"ООО ""ЕВРОПА""",2325007210
"ООО ""КАДР""",6683004834
"ООО ""ИМПЕРИЯ""",6628014937
"ООО ""КР-МЕДИА""",5019022102
"ООО ""ТЕЛЕКОМ ЛТД""",2119003877
"ООО ""ТЕЛЕКОМПАНИЯ АТВ""",0323372366
"ООО ""РАДИОСТАНЦИЯ ДЕРБЕНТ""",0542030809
"ООО ""РЕК-ВИЗИТ""",8602254279
"ООО ""ЕВРОШОП""",7705895120
"ООО ""ПЕРВОЕ РЕГИОНАЛЬНОЕ РАДИО""",7325058454
"АО ""СЕВЕРСВЯЗЬ""",8620016950
"ОАО ""ЕВРОПА ПЛЮС. УФА""",0274102170
"ООО ""ЛМ""",6619016487
"МАУ ""ПРЕСС-ЦЕНТР Г. КАЛТАН""",4222006392
"АО ""М1"", АО ""МЬЮЗИК ОДИН""",7734548227
"ООО ""ВЕЛЬ-СВЯЗЬ""",2907015161
"ООО ""ПРАЙД-МЕДИА""",3122508051
"ООО ""ЗМГ""",7536084728
"ООО ""НИК""",7814304755
"МАУ ""МЕДИАЦЕНТР ""МОСТ"" ГОРОДЕЦКОГО МУНИЦИПАЛЬНОГО ОКРУГА""",5248007770
"МБУ ""ИНФОРМАЦИОННО-ПРОСВЕТИТЕЛЬСКИЙ ЦЕНТР ""ХАБАРОВСКАЯ СТУДИЯ ТЕЛЕВИДЕНИЯ""",2724145124
"ООО ""РАДИО ЮЖНЫЙ РЕГИОН""",6167032755
"ООО ""СКАЙ МЕДИА ЦЕНТР""",1402015030
"АО ""РАДИО КАТЮША""",7813086286
,1831163743
"ООО ""МОСТ-ТВ""",6625048293
"ООО ""РК ""НИКА-МЕДИА""",4028043509
МАУ РДК,5429108201
"ГБУ ""ЧГТРК ""ГРОЗНЫЙ""",2014023940
"ООО ""МЕДИА ТВ СЕВАСТОПОЛЬ""",9201002452
"ООО ""АБРИС-ДОБРЯНКА""",5914023930
"ООО ""РЕГИОН - МЕДИА""",4025424760
"ООО ""МАСТЕР - МЕДИА""",4025424753
"ООО ""АЛЬЯНС - МЕДИА""",4025424721
"ООО ""РТК-ВКС""",8903024085
"ООО ""ТРК ""БРТ""",9101000758
"ООО ""РАДИО ПРИМА""",4401026444
"ООО ""АПРЕЛЬ""",3328447860
"ООО ""БЕКАС""",2301075356
"АНО РЕДАКЦИЯ РАДИОКАНАЛА ""АРХЫЗСКИЙ ЛИК""",0917971317
"ГАУ ""ТРК ""ПУТЬ"" ИМ. А. КАДЫРОВА""",2005008141
"ООО ""ВАШЕ РАДИО""",2801094004
"ООО ""ТЕЛЕКОМ ТВ""",1216022633
"ООО ""ИНСИТ-ТЕЛЕКОМ""",7411058909
"МКУДО ""ДШИ УМР""",0912003601
"ООО ""ТРИТОН ПМ""",3905022052
"ООО ""МЕДИА СЕРВИС""",5836662888
"АО ""ЦТВ""",7714903667
"ООО ""Р178""",7801638013
"ООО ""ФОРТ""",5614019771
"АО ""ПЕРВЫЙ КАНАЛ. ВСЕМИРНАЯ СЕТЬ""",7717029599
"ООО ""ЖАРА ТВ""",7717593759
,7736530151
"ОАО ""НАУКА""",7714823531
"АО ""ЕВК""",7713297660
"МАУ ""МЕДИА-ГРУППА ""АНАПА""",2301114365
"ООО ""МЕДИА-ИНФОРМ""",6440019290
"ООО ""ШЕСТОЙ КАНАЛ""",3327106064
"ООО ""ТЮМЕНЬСВЯЗЬИНФОРМ""",7204085453
"ООО ""АПГРЕЙД""",1901045129
"ООО ""МЕГАПОЛИС""",8603205980
"ООО ""АКЦЕПТ"" (ТЕЛЕВИЗИОННЫЙ КАНАЛ РЕН ТВ)",7704241848
"ООО ""РАДИО МЕГАПОЛИС""",6311154195
"ООО ""МАСМЕДИА ГРУП""",5254029958
"АО ""ЕВРОПА ПЛЮС САНКТ-ПЕТЕРБУРГ""",7825333589
"ФКУ ""ОБЪЕДИНЕННАЯ РЕДАКЦИЯ МВД РОССИИ""",7713081076
"ООО ""АЛЬТ""",7106028249
"ООО ""СЕМЬ ПРЕСС""",3605007166
"ООО ""ПРОМЕДИА""",9102028594
"АНО ""ТРК ""КРЫМ""",9102020940
"ООО ""ВЭЙВ""",9102007851
"ООО ""ПОЛУОСТРОВ КРЫМ""",9102157889
"ООО ""АССОЛЬ""",9102156500
"ООО ""ГРАНД МЕДИА""",9102066060
"ООО ""НИКА МЕДИА""",9102065412
"ООО ""ШАНСОН ТВ""",7706815713
"ООО ""НАСТОЯЩЕЕ РАДИО""",6827019182
"ООО ""МС-1""",1835077453
"ООО ""СТУДИЯ ""ОРАНЖЕВОЕ РАДИО""",4825045105
"ГАУ РИ ""НТРК ""МАГАС""",0608017209
"ООО ""СЛОГАН""",5262073735
"ООО ""ТВ БЛИК""",0258012787
"ООО ""ПРЕССЦЕНТР""",2222819901
"ООО ""АМУРСК ФМ""",2703051940
"ООО  ""МЕЙНСТРИМ""",2225152246
"ООО  ""СИГНАЛ""",2904020357
"ООО ""ЭРА""",0544002684
"ООО ""ТЕРРА-ТВ""",1644066838
"ООО ""СФЕРА""",2222803002
"ООО ""КРАСТЕЛ""",2452041302
"ООО ""СТАЙЛ-МЕДИА""",8610014633
"ООО ""ГАЗПРОМ ДОБЫЧА АСТРАХАНЬ""",3006006420
"ООО ""ТЕЛЕРАДИОКОМПАНИЯ СУПЕРНОВА""",8605012824
"ООО ""МОБИЛ СИТИ""",1001099065
"ООО ""РАДИО СИТИ САХАЛИН""",6501183758
"ООО ""ТРК ""АВС""",2308025347
"ООО ""КТК""",2420069979
"ООО ""101 И К""",7705012512
"ООО ""НРК""",5803019544
"ООО ""РУССКОЕ РАДИО-ВЕЛИКИЙ НОВГОРОД""",5321080416
"ООО ""РАДИО-ЦЕНТР""",2320090007
"ООО ""ЕВРО-ЛЮКС""",1326140559
"АО ""РАДИО РОКС-ВОЛГОГРАД""",3444042463
"ООО ""НУР РАДИО""",1632012080
"ООО ""ВЕС-МЕДИА""",3661051384
"ООО ""НТС""",9201003135
"ООО ""РЕАЛ-МЕДИА""",5911997011
"ООО ""ВЕГА-ИНТЕРНЕТ""",7423018788
"ООО ""ТВОРЧЕСКОЕ МИНИСТЕРСТВО""",5008054430
"ООО ""НОТИКАЛ МЕДИА""",7720747529
"КБУ ИД ""РЕГИОН""",2225084356
"ООО ""КОВРОВ ФМ""",3327829433
"МАУ ""ИАВ""",3444265100
"МИА ""РОССИЯ СЕГОДНЯ""",7704853840
"ООО ""ГОРОД""",4101141502
"АО ""АКТВ""",4341017058
"ООО ""ЗНАМЯ""",6911021542
"ООО ""СПУТНИК-СЕВЕР""",0259013335
"ООО ""МАКАРОВ И ДРУЗЬЯ""",3307011015
"ООО ""МЕДИА-ГРУППА РЕГИОН""",2364002375
"ООО ""ПРОМЕДИА""",1644029642
"ООО ""ДОРОЖНОЕ РАДИО-НОВОСИБИРСК""",5405340734
"ООО ""ЖАРА ФМ""",7714078848
"АУ ТРК ""ОСИННИКИ""",4222000658
"ООО ""ДАЛЬ""",5453000576
"ООО ""РАДИО АЛЬЯНС""",6143053770
"ООО ""АЛЬТАИР-МЕДИА""",1655082870
"ООО ""ИНХОЛД""",2543019632
"ООО ""ММГ""",1701038357
"ООО ""РАДИО 91,5""",7604171805
"ООО ""РАДИО 99,2""",7604171837
"ООО ""РАДИО ПЛЮС""",3128096848
"ООО ""ТВ-КАМСК""",1651054336
"ТА "" РЕКТАЙМ "" ( ООО )",2301052408
"ООО ""ТЕЛЕРАДИОКОМПАНИЯ ""САН-ФУЭТО""",9108007223
"ООО ""СТУДИЯ ""ЯЛТА ТВ""",9103005085
"ООО ""МТРК ""КРАСНОДАР""",2308222063
"ООО ""КВАНТ""",5014001684
"ООО ""ВИКО-РАДИО""",6323007452
"ООО ""РАДИО ДЖЕЙ""",2454014512
"ООО ""СЮРПРИЗ""",6625053938
"ООО ""РУБИКОН""",6603007350
"ООО ""ДАЛЬ ТВ""",2725014646
"ООО ""ФОРТУНА-ТВ""",1650176324
МБУ ПРИОЗЕРСКАЯ ТРК,4704112710
"ООО ""ДЕЛЬТА""",5981005736
"ООО ""ЦИНТ ""ВЕРТИКАЛЬ""",8602214396
"ООО ""ОДАК ГРУПП""",7720527668
"ООО ""ИНФО-ПРОЕКТ""",7022016409
"ООО ТРК ""ИНТЕГРАЛ""",6916013305
"ООО ""МЕДИА ТВ""",7445045859
"АО ""ТВ ЦЕНТР""",7717091519
"ООО ""ЧИКОЙ-МЕДИА""",7509005100
"ООО ""АЛМАЗ""",2203009443
"ООО ""ФИРМА ""ТЕЛЕ-СЕРВИС""",5032007840
"ООО ""КОРАЛЛ""",6833013020
"ООО ""НИКА""",2921007275
"ООО ""РУССКОЕ РАДИО-ОБНИНСК""",4025055369
"ООО ""ИНКО""",1901110480
"ООО ""ТЕЛЕСЕРВИС""",5013053231
"ФГАОУ ВО ""КАЗАНСКИЙ (ПРИВОЛЖСКИЙ) ФЕДЕРАЛЬНЫЙ УНИВЕРСИТЕТ"", ФГАОУ ВО КФУ, КФУ, КАЗАНСКИЙ ФЕДЕРАЛЬНЫЙ УНИВЕРСИТЕТ, КАЗАНСКИЙ УНИВЕРСИТЕТ, КАЗАНСКИЙ (ПРИВОЛЖСКИЙ) ФЕДЕРАЛЬНЫЙ УНИВЕРСИТЕТ",1655018018
"ООО ""РЕДАКЦИЯ ТЕЛЕПРОГРАММЫ ""СЛАВЯНСКИЙ ФАРВАТЕР""",2531010353
"ООО ""ЛИРА""",6633010448
"ООО ""СЕВЕРНЫЙ ПРОФЕССИОНАЛЬНЫЙ ЦЕНТР""",6680001296
"ООО ""ТЕЛЕКАНАЛ ""КАБЕЛЬНОЕ ТЕЛЕВИДЕНИЕ РЯЗАНИ""",6229075568
"ООО ""РЕДАКЦИЯ СМИ РАДИО-103""",6165007680
"ООО ""ТРК ""ТНВ""",5190308030
"ООО ""ФМ-НАВИГАТОР""",6950205800
"ООО ""ТЕЛЕКОМПАНИЯ ""ПРИАЗОВСКИЙ ОПТИМАЛИСТ""",6123003154
"ООО ""РБК-УФА""",0274903759
"ООО ""ОВЕРСАН-РАДИО""",6163078727
"МУП ""МТРК""",2349019663
"ООО ""ХОРОШЕЕ РАДИО""",7329017096
"ООО ""КОМПАНИЯ ""Е+Е""",6671007894
"АО ""ОМСКИЕ МЕДИА""",5501047601
"ФОНД ""РПМ ""ГРАД ПЕТРОВ""",7801121257
"ООО ""МЕТРО""",1101112802
"ООО ""КИРЖАЧИНФОРМСЕРВИС""",3316008097
"ООО ""104,5""",5262219335
"ООО ""РУССКОЕ РАДИО - КРАСНОЯРСК""",2463049342
"ООО ""КТВ""",2905006806
"ООО ""ИЛГО-НН""",5262218885
ЕВРОПА МЕДИА ООО,4217064462
"МАУ СЕРПУХОВСКОЕ ИНФОРМАЦИОННОЕ АГЕНТСТВО""",5043058773
"ООО ""ПРОСПЕКТ ПРАЙМ""",2634078138
"ООО ""КРК""",5022092893
"ООО ""СМС""",6914017801
"ООО""ЛЭФ-1""",1650070462
"ООО ""АВТОРАДИО FM""",0265026477
"ООО ""ЮЖНОЕ РАДИО""",2310184898
"ООО ""ЭЛЬДОРАДО""",6831014839
"ООО ""РАДИО-161""",6164019139
"НВК ""САХА""",1435044340
"ООО ИТРК ""ВИКТОРИЯ""",3620014070
"ООО ""РАДИОКОМПАНИЯ ""ПРОВИНЦИЯ""""",5640021135
"ООО ""НЕБО ПЛЮС""",7725272149
"АНО ""ОКТРК""",9102190660
"ООО ТРК ""СУПЕР-МЕДИА""",2450024990
"ООО ""КВК""",2466064959
"ООО ""ОРБИТА - 7""",1435116965
"АО ""РАДИО ГЕРМЕС""",7202017698
"ООО ИПО ""ЛОГОС""",4441002834
"ООО ""СОЛЬ-ИЛЕЦКАЯ МЕДИА ГРУППА""",5646032856
"ООО ""ТЕЛЕРАДИОКОМПАНИЯ ""555""",9101001335
"ООО ""СОВРЕМЕННОЕ ТЕЛЕВИДЕНИЕ""",7839504883
"ООО ""РАДИО 100,4""",7604171869
"ООО ""ОКТЯБРЬ""",0274193361
"ООО ""АРИКОН""",5107912961
"АО ""СТУДИЯ ""ГУБЕРНИЯ""",3666182655
"ООО ""ВОЛНА""",1513053151
"ООО ""ИНФОРМАЦИОННЫЙ ЦЕНТР ТЕЛЕРАДИОВЕЩАНИЯ ""ИНФОРМЦЕНТР""",9103007886
"ООО ""М1""",7726512925
"ООО ""ЕВРОТОП""",5451105301
"ООО ""ДОРОГОБУЖТЕЛЕКОМ""",6704009875
"ООО ИА ""КУРСКИНФОРМ""",4632041538
"ООО ""ТПО РЕД МЕДИА""",7701663721
"ООО ""МЕДИА ДОМ""",1326231823
"ООО ""ЕВРОПА ПЛЮС ПЕРМЬ""",5902111100
"ООО ""МАКС - МЕДИА""",2335064659
"ООО ""АРТЕЛЬ-1""",6829113470
"ООО ""ФИНАНСОВАЯ ТЕХНОЛОГИЯ""",5049013271
"ООО ""ЦИФРОГРАД""",7302038130
"ООО ""Н-РАДИО""",5259026453
"ООО ""ГАЛС ТВ""",7725275206
"ФОНД ""БЛАГО""",5070013820
"ООО ""КОНТАКТ-ИНВЕСТ""",7704246317
"АО ""ИД ""КОМСОМОЛЬСКАЯ ПРАВДА""",7714037217
,6658109960
"ООО ""УЮТНЫЙ ДОМ""",5229007608
"МКУ""СЕМИС""",2434001258
"ООО ""ТАЙМС""",5753029248
"ООО ""ИВМЕДИА""",3702577228
"ООО ""ТАЛКАС""",0274104731
"ООО ""МЕГА ТВ""",8605022357
"ООО ""ЧОП ""ПАНДШЕР-ЧЕРЫ""",2127315446
"ООО ""ТВ+""",7206026982
"ООО ""ТВК""",7007002112
"ООО  ""ЮГ-ЦТ""",2634073130
"ООО ""МЕДИАХОЛДИНГ ПИРАМИДА""",2456014370
"ООО ""ЮНИМАКС""",3666028484
"ООО ""РА ""МЕДИА СОЮЗ""",6454086176
"ООО ""СИНЕМА""",3816014758
"ООО ""МЕДИА-РЕГИОН""",8603208814
"ООО ""НАУКОГРАД""",3702103919
"ООО ""РАДИО ""КАПИТАН""",6730050083
"МАУ ГИЦ ""ПОКРОВ-МЕДИА""",3321017770
"ООО РИА ""ТЕЛЕМИКС""",2511129880
"ООО  ""МАТРИКСМЕДИА""",6142021430
"ООО ""Е ТВ""",7714353928
"ООО ""НАНО""",7725290885
"ООО ""ЛАКШЕРИ""",7725290902
"ООО ""ЭХО ТУЛЫ""",7103032600
"ООО ""ПРИТОК""",7107038987
"ООО ""ИРБИТ ФМ""",6611012949
"ООО ""ПРАЙМ""",7325124234
"ООО ""ВВТ""",6908014626
"ООО ""ТРОЙКА ТВ""",7708722750
"ООО ""ЕВРОТРАСТ""",7444019574
"ООО ""ТЕЛЕКОМПАНИЯ ВТВ""",6143016803
"ООО ""ТНР""",2315215557
"ООО ""САТКОМ""",2801060020
"ООО ""АРМАДА""",4345087137
"ООО ""ПОЗИТИВ""",5022556062
"ООО ""РА КАМА-ФМ""",5902159912
"ООО ""ТВ-КОНТАКТ""",1006011561
"ООО ""КМ ГРУПП""",0276146134
"ООО ""ТРК ""МВ ДИАПАЗОН""",5307005897
"ООО ""МЕДИА СИСТЕМА""",6450065351
"ООО ""ДИАПАЗОН""",7116035990
"ООО ""РЕГИОНАЛЬНОЕ РАДИО""",7302035073
"ООО ""РАДИО КАН""",0268096458
"ОАУ ""ТРК ""МИР БЕЛОГОРЬЯ""",3123110859
"ООО ""СИГМАТРАНС""",5602021720
"ООО ""РЕПОРТЕР 73""",7325140155
"ООО ""АНТЕННА""",3703002536
"ООО РИА ""ВЛАДИМИР-РЕГИОН""",3302019927
"ООО ""ФИРМА ""СОЮЗ""",7444004810
"ООО ""СТОЛИЦА ПЛЮС""",7407010132
"ООО ""ТТО ""АМИК""",7713598080
"ООО ""НСТ""",7726341892
"ЗАО ""ТРК  ""ЕВРОПА ПЛЮС САХАЛИН""",6501073730
"ООО ""ТЕЛЕРАДИОКОМПАНИЯ ""ГУБЕРНИЯ-33""",3329076351
"ООО ""АЛЬМА МАТЕР""",7743753039
"ООО ""МИКС РАДИО""",3456002360
"ООО ""ЮТРК""",4230026378
"ГАУ С ""СЕВАСТОПОЛЬСКАЯ ТРК""",9204552077
"ООО ""РАДИО ДВАДЦАТЬ ДВА""",2225162981
"ООО "" 11 - КАНАЛ """,6626011546
"ООО ТЕЛЕСТАНЦИЯ ""НКМ""",1001020058
"ООО ""ТРАП И К°""",6658334892
"ООО ""МИНИСТЕРСТВО ИДЕЙ""",6658453314
"ООО ""МЕДИА-МАРКЕТ""",0268028095
"ООО ""ОРЕХОВО-АВТОЦЕНТР""",5034088080
"ООО ""ТЕЛЕРАДИОКОМПАНИЯ ""АРИГ УС""",0326550761
"ООО ""МГЛР""",1831163824
"ООО ""ИМИДЖ""",2632056210
"ООО ""ТРК ""33 КАНАЛ""",2703022555
"ООО ""ДИАЛОГ""",4025076665
"ООО ""ДИВО""",6143053795
"ООО ""ТЕЛЕКОМПАНИЯ ""ЛУЧ""",1644005680
"ООО ""РАДИО ПЛЮС НОВГОРОД""",5321056893
"ООО ""НПО ""ЦОДИТ""",5903090477
"ООО ""АР ""МЕДВЕДЬ""",1901058583
"ООО  ""ПОЗИТИВ""",4345218076
"ООО ""МЕДИА ХОЛДИНГ""",1838018022
"ООО ""ВОСТОК-ТВ""",2508039435
"ООО ""СТАР ТРЕЙД""",8602186773
"ООО ""ПУЛЬС-РАДИО""",1215161666
"ООО ""МЕДИАСЕРВИС""",3202010737
"ООО ""ДАНЦЕР""",8603026839
"ООО ""НТРК""",7445015621
"ООО  ""СТРОЙНЕФТЬПРОДУКТ""",5045020937
МБУК ТЕЛЕРЕДАКЦИЯ ЭФИР-Т ТАШТАГОЛЬСКОГО МУНИЦИПАЛЬНОГО РАЙОНА,4252002684
ТРК ЭКСПРЕСС,3911008049
"ООО ""ТЕЛЕКОМПАНИЯ ""ТВ- КОМСЕТ""",5045035073
"АНО ""ИИЦ ""СЕЛЬСКИЙ ВЕСТНИК""",7220503860
"АНО ""ИИЦ ""ПРИЗЫВ""",7227261730
"АНО ""ИИЦ ""ТРУДОВОЕ ЗНАМЯ""",7221003115
"АНО ""ИИЦ ""НАША ЖИЗНЬ""",7218004969
"АНО ""ИИЦ ""ЗНАМЯ ПРАВДЫ""",7226001087
"АНО ""ИИЦ"" НОВАЯ ЖИЗНЬ""",7211004938
"АНО ""ИИЦ ""ГОЛЫШМАНОВСКИЙ ВЕСТНИК""",7214007373
"АНО ""ИИЦ ""КРАСНАЯ ЗВЕЗДА""",7213000696
"АНО ""ИИЦ ""СЛАВА ТРУДУ""",7210110066
"АНО ""ИИЦ ""ЗНАМЯ ТРУДА""",7222017914
"ООО ""ХАМЕЛЕОН""",2624800844
"АНО ""ИИЦ ""СЕЛЬСКАЯ НОВЬ""",7208000940
"ООО ""СПЕКТР МЕДИА""",6144020834
"ООО ""СТУДИЯ - ТВ""",4824023290
"АНО ""ИИЦ ""СЕЛЬСКИЙ ТРУЖЕНИК """,7212004680
"ООО ""ТАНДЕМ""",5011024348
"ООО ФИРМА ""КВАЗАР""",2309016786
"ООО ""ТЕЛЕТЕКСТ-ПЛЮС""",2631036122
"ООО ""МЕДИА-ПЛЮС""",5920034112
ЦЕНТР ДОСУГА,1411003793
,4726001918
"АНО ""ИИЦ ""АРМИЗОНСКИЙ ВЕСТНИК""",7209261656
"ООО ""МЕДИАГОРОД""",6632031565
"ООО ""РТЦ ""РАЗВИТИЕ""",0276902180
"ООО ""ТАТАРСКОЕ РАДИО""",1655026844
"ООО ""ИНТЕРТЕЛЕКОМ""",1650092280
"ООО ""СПУТНИК""",5911049970
"ООО ""АННА ЕГОРОВА""",2365015480
"МБУ ИДЦ ""КОРАБЛИНО""",6206001785
"ООО ""ТРАНСАВТОСЕРВИС""",2127015890
"ООО ""СПЕКТР""",3801134241
"ООО ""ВИТИМ-ТЕЛЕКОМ""",3802012207
"ООО ""711.РУ""",7717678106
"ООО ""РАДИО ПЛЮС""",1326208870
"ООО ""РА ""АНТУРАЖ""",6914018724
"ГБУ ""АГЕНТСТВО ""АМУРМЕДИА""",2801122170
"ООО ""СОЗВЕЗДИЕ ОРИОН""",6312067756
"ООО ""ПЕРЕСЛАВЛЬ ФМ""",7608020490
"МБУ ""ТПРВО""",3321022971
"ЗАО ""НПО ""РАУМ""",5003000456
"ОГАУ ""АИК""",5321131036
"ООО ""ПАРТНЕР МЕДИА""",1001304236
"ООО ""АРИАЛ+""",0326520904
"ГБУ РД РГВК ""ДАГЕСТАН"" ИМ. ГАРУНА КУРБАНОВА",0560027510
"ООО ""НВК""",6686156722
"ООО ""РАДИО 52""",7325132595
"ООО "" ФИРМА "" ПИОНЕР """,2309062422
"ООО ""РАДИО-МАССИВ""",3911006820
"ООО ""АКСУ""",1660110918
"ООО ""РАДИОКОМПАНИЯ УСПЕХ""",5427128308
"ООО ""ЕВРОПА ПЛЮС АРХАНГЕЛЬСК""",2901004340
"ООО ""ОВК""",5981004193
"ООО ""ТРИНИТИ МЕДИА""",7721852685
"ООО ""ВИТРИНА""",9715236836
"ООО ""СРГ""",2634067930
"ООО ""ВИТЯЗЬ ТВ""",2209017271
"РЕДАКЦИЯ РАДИО ""ПОСАД""",5042072327
"ООО ""МЕДИА-РЕСУРС""",2450019326
"ООО ""ТЕЛЕТВ""",5905232529
"ООО ""РАДИО СТАНЦИЯ""",5836676023
"ООО ""СТИЛЬ""",2207005986
"ООО ""МЕДИА БРОДКАСТИНГ ГРУП""",7705943536
"ООО ""ВТРК""",6908011671
"МАУ ""ТВ МЫТИЩИ""",5029206035
"ООО ""РИА ""НДС""",5507209915
"ООО ""ТЕЛЕРАДИОКОМПАНИЯ ""СТАРТ""",7722510229
"ЮЖНЫЙ ФЕДЕРАЛЬНЫЙ УНИВЕРСИТЕТ, ФГАОУ ВО ""ЮФУ"", ЮФУ",6163027810
"ООО ""РАДИОКАНАЛ 1""",8602264372
"ООО ""РАДИО НОСТАЛЬЖИ""",6450028800
"ООО ""РАДИОАЛЬЯНС""",2624029830
"ООО ""ТБС - ТЕРЕК""",0547006983
"ЗАО ""СТУПИНОАВТОТРАНС""",5045005086
"ООО ""ТЕЛЕРАДИОКОМПАНИЯ ОРБИТА""",3911008585
"ООО ""ТРАНСИНФОРМ""",6681009322
"ООО ""ПРО-РАДИО""",4401168720
"ООО ""ФЕНИКС""",5438000356
"ООО НТРК ""КАСКАД""",3903009948
"МБУК ""КИЦ""",8614000568
"ООО ""ТВ ПРОЕКТ ПРИКАМЬЕ""",5905038673
"ООО ""ТОПШОП ТВ""",7724601136
"ГАУ ОГТРК ""КРАЙ РЯЗАНСКИЙ""",6231041703
"ООО ""РАДИО 103,8""",6143051815
"ООО ""ТРК ""МИРАЖ""",6164013627
"ООО ""СМТ ""ВЕЧЕРНИЙ ДМИТРОВ""",5007011040
"ООО ""АС-ЛИДЕР""",0524008984
"ООО ""РАДИО ЛЮБОВЬ-АСТРАХАНЬ""",3015107792
"ООО ""ЮЖНАЯ ВОЛНА""",2308134748
"АНО ""ИИЦ ""ЯРКОВСКИЕ ИЗВЕСТИЯ""",7229007182
"ООО ""МЕДИА ПРО""",7701095959
"ООО ТРК  ""ДАЛЬ-ТВ""",2505013333
"ООО ""КАСПИЙ-КТВ""",0542028461
"ООО ""СЕРОВ ПЛЮС ФМ""",6680004995
"ОАО НТС ""ТВЕРСКОЙ ПРОСПЕКТ""",6905008840
"ООО ""МАГНИТ""",6615009190
"ООО ""СТРОЙФИНТОРГ""",6417970588
"ООО ""АЛЬФА""",3001041044
"ООО ""СТАРСМЕДИА""",7801405001
"ООО ""ЦЕНТР-МЕДИА""",3456002602
"ООО ""РЕГИОН-МЕДИА""",4027124096
"ООО ""РАДИО СИТИ""",4027123504
"ООО ""О-МЕДИА""",6126012037
"НЧОУ ВО ""НИЭУП""",2631017754
"ООО ""МЕДИАГРУППА""",2457066558
"ООО ""МЕДИА ГРУПП""",6732101664
"ООО ""ВОЛНА М""",7706436433
"ООО ""ВЕТТА ПЛЮС""",5906105989
"ООО ""ЭМ-СИ РАДИО""",4028021230
"МАУ ""ИНФОРМАЦИОННЫЙ ЦЕНТР""",5027327563
"ООО ""ТВК.ТВ""",5445265709
"ООО ""БАЛАКОВО 106,0""",6454122280
"ООО ""АЗОВ ФМ ПЛЮС""",6684023879
"ООО ""ТУНЗ ЭНТЕРТЭЙНМЕНТ РАША""",7704356013
"ООО ""МАКСИМУМ""",2508119641
"ООО ""СПУТНИК-ЮГ""",0259013399
"ООО ""ТРК ""МЕДИАПРОФИЛЬ""",9102058670
"ООО ""ОЛИМП""",6658248442
"ООО ""НТВ-ПЛЮС""",7726394478
"ООО ""КОНТАКТ""",8603221188
"ООО ""РАДИОМАЧТА""",5751057190
"ООО ""РАДИО РУ""",3818046890
"ООО ""РАДИОСТАНЦИЯ ""БАС""",3906017256
"ООО ""РАДИОПРОЕКТ""",2225087678
"ООО ""НОВОЕ РАДИО""",5010051927
"ООО ""РИК-МЕДИА""",1645029966
"ООО ""ЕДИНСТВО ПЛЮС""",6627017445
"ООО ""ЕВРОПА ПЛЮС ИВАНОВО""",3731024235
"ООО ""ТРК ""ЗОЛОТЫЕ ОГНИ""",6450610487
"ООО ""ВИДЕОЛАЙН""",1516609084
"ООО ""МЕДИА ИНВЕСТ""",6672138089
"ООО ""ТЕЛЕБАЛТНЬЮС""",7810429070
"ООО ""ЯМПИК""",7814636768
"ООО ""ИМА ""РАДИО-КРАЙ""",2225007979
"ООО ""ТУР+""",7107030579
"ЗАО ФИРМА ""ОТРАДА""",2345008861
"МБУ ДК ""КЫТАЛЫК""",1419005841
"ООО ""КОСТРОМА ФМ""",4401172935
"ООО ""КОНТЕНТ МЕДИА""",7723385891
"ООО ""73""",4415007040
"ООО ""ТВ ПРЕСС""",6671061161
"ООО ""ЕВРОПА ПЛЮС ЙОШКАР-ОЛА""",1215227758
"ООО ""МЕДИА ГРУППА ""ЯРЧЕ""",1515922262
"ООО ""ПАЛАСОВ""",3305795822
"ООО ""КОЛЫМА ПЛЮС""",1423000451
"ООО ""М-МЕДИАГРУПП""",5102046645
"МБУ ""МЕДИАЦЕНТР ДУБНА""",5010026600
"ООО ""ДВАЛИН""",5190004433
"ООО  ""НИЖЕГОРОДСКОЕ ОБЛАСТНОЕ РАДИО""",5260381205
"ООО ""ЕДИНСТВО""",1650349016
"ООО ""ПАНАМАТЕЛЕКОМ""",7536046289
"ООО ""ЖАР ПТИЦА""",0274918360
"ООО ""ТЕЛЕОКА-ИНФО""",5252016262
"МУ ""РЕДАКЦИЯ ""РАДИО-РОДНИКИ""",3721006082
"ООО ""ТАРТИП""",0269996155
"ООО ""РАДИО СЕТЬ""",1901131152
"ООО ""БЕСТСЕЛЛЕР""",6660046066
"ООО ""ВАБ""",2340132110
"ООО ""М-ТЕЛЕКОМ""",5606020639
"ООО ""ТОЧКА РУ""",5615013194
"ООО ТРК ""ЕВРОПРОЕКТ""",7303015104
"ООО ""ИВМЕДИА-АСТРАХАНЬ""",4401167029
"ООО ""ИВМЕДИА-КОСТРОМА+""",4401167050
"ООО ""ИВМЕДИА-ОРЁЛ""",4401167011
"ООО ""ИВМЕДИА-КОСТРОМА""",4401167036
"ООО ""ИВМЕДИА-ПЕНЗА""",5837064520
"ООО ""РАДИО ВАНЯ-ЕГОРЬЕВСК""",5049023209
"ООО ""ЛАМА""",3301034760
"ООО ""ТРАК""",6614006076
"ООО ""НАШЕ НЕЛИДОВО""",6912011850
"ООО ""РАТНИК""",7703717852
"ООО ""ТРК КОНТРАСТ""",8603010290
"ООО ""РЕГИОНАЛЬНАЯ МЕДИА-ГРУППА""",2310089845
"ООО ""ГАРАНТ-ТЕЛЕСЕТИ""",1841000610
"АНО РАДИОКАНАЛ ""РАДИО ВЕРА ВЕРХНЕВОЛЖЬЕ""",6950194718
"ОАО РЕДАКЦИЯ ТЕЛЕКАНАЛА ""ПЕРЕСЛАВЛЬ""",7608006231
"ПРЕСС-ЦЕНТР МО ""ХИВСКИЙ РАЙОН""",0529909615
"АО ""ВПП""",7703595604
"АО ""РЕГИОНАЛЬНЫЙ РАДИОКАНАЛ""",7707248760
"ООО ""ЭКСКЛЮЗИВ-ТВ""",0529909291
"ООО ""КИНОКЛУБ""",9717038981
"ООО ""АРАДИО-КАЛУГА""",4027129633
"ООО ""РТКОМ""",1326191779
"ООО ""БОРА""",4715013365
"ООО ""ТОЧКА ОТРЫВА""",9717044946
"ООО РИА ""ФЕНИКС""",1433019275
"ООО ""КОНКОРТ-1""",1003003837
"ООО ""ЛЮБИМОЕ РАДИО""",0278087999
"ООО ""РОДНОЙ МОТИВ""",4401173512
"ООО ""МЕГАЛИНК""",8605016025
"ООО  ""ТЕЛЕКАРТА""",7714813068
"ООО ""СЕМЬ КРУГОВ""",4909105382
"ООО ""ОТКРЫТОЕ ТЕЛЕВИДЕНИЕ""",9715278441
"ООО ""РТ""",2310088753
"ООО ""МЕДИА АЛЬЯНС""",5190022190
"ООО ""ТЕЛЕКАНАЛ САРОВ""",5254491545
"АНО ""НТМ""",1328013115
"ООО ""ТАЙМ МЕДИА ГРУПП""",9710021499
"ООО ""ЭФИР МЕДИА""",8605027958
"ООО ""ЭЛЕКТРОСВЯЗЬ""",6629014954
"ООО ""СЛАВЯНСКИЙ МИР""",9109018926
"ООО ""ВЕКТОР""",3241013650
"ООО ""ТОМСКОЕ ВРЕМЯ""",7017264879
"ООО  ТК "" ТАКТ""",4629026427
"ООО ""РАДИО-КАНАЛ-3""",2225014253
"""РАДИО АГРЫЗ""",1601001032
"ООО ""КАМИЛЬЁН""",7704724524
"ООО ГК ""НЕМО""",2301081920
"ООО ""РАДИО ИНТЕРНЕШНЛ КРЫМ""",9102193301
"ООО ""РА МЕДИА СЕРВИС РЕГИОН""",7710626839
"ООО ""МУЗЫКАЛЬНЫЙ КАНАЛ""",7701097547
"ООО ""25 КАДР""",1901130769
"ООО ""МЕДИАКОМ КРЫМ""",9102191505
"МАУК ""ШГСКК""",3706001308
"ООО ""РАДИО РЕГИОН КРЫМ""",9102193319
"ООО ""РЕЗУЛЬТАТ""",5017088588
"ООО ""ЭКРАН ТВ""",7404067691
"ООО ""ДОТДТЕХНОЛОДЖИ""",7703410758
"ООО ""СОЛТ МЕДИА""",9715287407
"ООО""СТРК ТВКОМ""",5045059589
"ООО ""ДИЛАЙТ""",1510017596
"ООО ""СВОЯ КОМПАНИЯ ПЛЮС""",3820014729
"МБУ ""УТВ""",6830002686
"ООО ""РУССКАЯ ТРОЙКА НОВОКУЗНЕЦК""",4217094876
"ООО ""КОРПОРАТИВНЫЕ МЕДИА""",6686082090
"ГБУ РА ""МАЙКОПСКОЕ ТЕЛЕВИДЕНИЕ""",0105029590
"ООО ""АЛЬЯНС""",7311005759
"ООО ""ТВ МАСТЕР""",2352026300
"ООО ""УПРАВЛЕНИЕ РЕКЛАМЫ""",9102064225
"ООО ""ЮВЕНТА""",5957014923
"ООО ""ТСН""",7106517507
"ООО ""БАСТИОН""",2632106809
"ООО ""ТВ ПРИЧУЛЫМЬЕ""",2456015159
"МАУ ""ГУБКИНСКИЙ ТЕЛЕРАДИОКОМИТЕТ""",3127007958
"ООО ""ГРУППА ИНЖЕНЕРНЫХ ТЕХНОЛОГИЙ""",5073008843
ООО СИСТЕМЫ БЕЗОПАСНОСТИ,6134012457
"ООО ""ПОРТАЛ""",3651009351
"ООО ""Д-М""",2540178514
"ООО ""СТРОЙ ДОМ""",7313006324
"АО ""ТВС""",5243010049
"ООО ""ЛЫТКАРИНСКИЙ МЕДИАЦЕНТР""",5026015000
"ООО ""ДИКОЕ ТВ""",9715294250
"ООО ""ОВИДЕО.РУ""",7719721124
"ООО ""НСН""",7734654480
"МБУ""СМИ ТАЗОВСКОГО РАЙОНА""",8910000166
"ООО ""АЛЛО СОВЕТСКАЯ ГАВАНЬ-ВАНИНО""",2704024562
"ООО ""ТЕЛЕКОМПАНИЯ ""ДИАЛОГИ О РЫБАЛКЕ""",7736295959
"ООО ""НОВАЯ ВОЛНА""",1652024126
"ООО ""ПРАЙМ СИНЕМА - ТВ""",9715290022
"ООО ""НАШЕ ТВ""",5404049233
"АО ""РУССКОЕ РАДИО-ЕВРАЗИЯ""",7710206640
"ООО ""МЕДИАГРУПП НЬЮСФРОНТ""",9104005842
"ООО ""РЕДАКЦИЯ ГАЗЕТЫ ""НОВОЧЕРКАССКИЕ ВЕДОМОСТИ""",6150099818
"ГБУ НО ""НГОТРК  ""ННТВ""",5262000134
"ООО ""ТЕЛЕМИР""",6730071492
"ООО ""ТУЛАЭКОНОМЭНЕРГО""",7117501509
"ООО ""БАЛТИЙСК ТВ""",3901502347
"ООО ""ПКФ""УРАЛКОМП""",5908032020
"ООО ""ЖИВИ""",9701072070
"АУ РК ""РИА ""КАЛМЫКИЯ""",0816005116
"ООО ""НОВЫЕ СИСТЕМЫ""",2368001333
"ООО ""АЛЬЯНС-М""",4703148590
"ООО ""ТВК 24""",2460079155
"МАУ МО ЗАРЕЧНЫЙ ""ГТЦ""",6609006828
"ООО ""ЕРМАК-ОТ""",6671062550
"ООО ТРК ""РЕГИОН-АМУР""",2801066134
"ООО ""ТАФИ МЕДИА ЛАБ""",7813239849
"ООО ""РИЧИ МЕДИА ГРУП""",7714974837
"ГКУ ""КБР-МЕДИА""",0725009184
"ООО ""ДИАПАЗОН 64 ФМ""",6445019688
"ООО ""ММА-ТВ.КОМ""",9715302574
"ООО ""МАКСИМУМ-КРЫМ""",9102220001
"ООО ""РУССКОЕ РАДИО-КРЫМ""",9102220019
"ООО ""РАДИО ЕЙСКА""",2361014679
"МБУК ""КДК""",2469002012
"ГАУ РСО-АЛАНИЯ ""НТК ""ОСЕТИЯ-ИРЫСТОН""",1513064347
"ООО ""МЕДИА МИКС""",1645032013
"ООО ""АВТОМЕДИА ФМ""",5834118658
"ООО ""С-МЕДИА""",4329010754
"ООО ""ОРЕЛБИЗНЕСГРУПП""",5753068511
"ООО ""СТУДИЯ ""ТОТЕМ""",0276087697
"ООО ""РАДИО""",3128081961
"ООО ""РЕКЛАМА""",3128105919
"ООО ""ЭКОЛОГИЧЕСКИЙ ФАКТОР""",7721246878
"АНО ""РЕДАКЦИЯ ПАРЛАМЕНТСКОГО ТЕЛЕВИДЕНИЯ ГД ФС РФ""",9710033173
"ООО ""МЕДИА-100""",7707378311
"ЧУ ""ИЗДАТЕЛЬСКИЙ ДОМ ""ХУЗУР""",1655258637
"ООО ""ДЕЛЬТА""",7113502300
"ООО ""ТК ""АННА""",3601010954
"ООО ""МТК""",7610097980
"ООО ""АРТИКО""",0277135008
"ООО ""СТАРТ МЕДИА""",9717059759
"ГАУ СК ""СТАВРОПОЛЬСКОЕ ТЕЛЕВИДЕНИЕ""",2636207413
"АНО ""РАДИО ВЕРА ЮГРА""",8601064204
"МАУ СМИ ""КВАНТ""",4214034477
"ООО ""РАДИО-ПЛЮС""",2226022828
"ООО ""МЕГА ФМ 26""",2636214097
ООО МОТОРСПОРТ ТВ ГРУПП,7707392154
"ООО ""МОНТАЖ СВЯЗЬ ТВ""",5022086057
"МБУ ""БИЗНЕС ЦЕНТР"" НАМСКОГО УЛУСА",1417009978
"ООО ""ТК ЮГРА ТРЕВЕЛ""",8602280575
"ООО ""ПИНГ-ФМ""",2301094687
"ООО  ""ЭЛЕКТРОН-ТЕЛЕКОМ""",5012072168
"ООО ""НМГ ИНФОРМ""",7704384155
"ООО ТРК ""АТАМАН""",2348039360
"ООО ""МЕДИА СЕТИ""",2130130413
"ООО ""АВАНГАРД""",0267011349
"ООО ""РЕАЛИНФО""",3329092226
"ООО ""ГРИФ""",4501047776
"ООО ""СВЯЗЬТЕЛЕКОМ""",7417015958
"ООО ""ЧАС ПИК НВ""",8603153509
"МБУ ""ТРОИЦКАЯ ТЕЛЕРАДИОКОМПАНИЯ""",7451468700
"ООО ""РАДИО СЕТИ НН""",2119006405
"ФОНД ""ЕДИНЫЙ ЦЕНТР РАЗВИТИЯ СЕЛЬСКОГО ХОЗЯЙСТВА""",7810303976
"ООО ""РАДИОСЕТЬ""",3016065496
"ООО ""РЕКОРД""",0255020518
"АНО ИЦР ""СОФИЯ""",3525406951
"ООО ТК ""КАНСК 5 КАНАЛ""",2450000967
"ООО ""ФМ-МЕДИА""",5835124968
"ООО ""МЕДИА ФЕРМА""",2457083095
"ООО ""ТЕХНОЛОДЖИ""",6611010451
"АО ""ТВ БРИКС""",7727329908
"АУ РК ""ИНФОРМАЦИОННОЕ АГЕНТСТВО ""РЕСПУБЛИКА КАРЕЛИЯ""",1001037936
"ООО ""АНАСТАСИЯ""",5043047958
"ООО ""ВТК""",3438006989
"ООО ""АЙТИПЕКС""",5028034200
"ООО ""МАЛ-РАДИО""",5262352062
"ООО ""ЭКРАНИКА""",1006011804
"ООО ""СИБИРСКАЯ РАДИОСЕТЬ""",2222863393
"ООО ""МЕДИА-ЦЕНТР""",3528121143
"ООО ""АРАДИО-БРЯНСК""",3257055303
"ГАУК ""МЭТР""",1215137448
"ООО ""ВОСТОК ТВ""",7724422190
"ООО ""РАДИО АЛИСА ФМ""",0400005035
"МБУК ""ПЦКИД""",7115021592
"ООО ""ПРОРАДИО""",6829139421
"МАУ ТРК ""МУРОМСКИЙ МЕРИДИАН""",3307015700
"ООО ""ГИГАНТ-СЕРВИС""",7107121226
"ООО ""ЭТАЛОН""",2301086453
"ООО ""ЦКТВ""",4307019560
"ООО ""МР""",1831138440
"КЧ РГАУ ""ЦЕНТР РАЗВИТИЯ СВЯЗИ И КОММУНИКАЦИЙ""",0917032589
"ООО ""РАДИО ВОЛГОГРАД""",3444257370
"ООО ""ТЕЛЕКОМПАНИЯ ""ГОРОД""""",6234167535
"ООО "" ТЕЛЕКОМПАНИЯ "" РИФЕЙ - ПЕРМЬ """,5903030118
"ООО ""ИНФОЦЕНТР""",2452050201
"ООО ""ВГТРК""",4702018408
"АНО ""ТК ""ТВ-ИН""",7456031537
"ООО ""ДИМТВ""",7302029070
"ООО ""Т-ТК""",3816011570
"МБУК ""КИРЕЕВСКИЙ РКИЦ ""ДЕДОСЛАВЛЬ""",7128028411
"ООО ""РАДИО-100""",6168093493
"ООО ""М. МЕДИА""",7455009602
"ООО ""МЕДИАСФЕРА""",1837017971
"ООО ""СОФТЛАЙН""",7734686210
"ООО ""ПЕРВОЕ АЛЕКСЕЕВСКОЕ""",2807012897
"ООО ""АГЕНТСТВО Е""",7113001664
"МБУ ""РЕДАКЦИЯ ГОРОДСКОЙ ГАЗЕТЫ ""НЕВИННОМЫССКИЙ РАБОЧИЙ""",2631044821
"ООО ""ПРОДЮСЕРСКИЙ ЦЕНТР ""ВЕЛЕС ПРОДАКШН""",6317102130
"ООО ""РАДИОВОЛНА""",7203199232
"ООО ""МЕДИА РЕСУРС""",7206033115
"АНО ""РАДИО ВЕРА КАЗАНЬ""",1655399733
"ДПЦ ""ГРАД КРЕСТА""",2635233322
"ООО ""МАРИЯ""",8905064260
"ООО ""СЭТ МЕДИА""",2723176539
"ООО ""МЕДИА ПЛЮС""",0255020807
"ООО ""НАСЛЕДИЕ""",0562066070
"АО ""ТНТ-ТЕЛЕСЕТЬ""",7703171771
"ООО ""МАРКЕТ ТВ""",4345104632
"ООО ""МЕДИА-СВЯЗЬ""",0503008775
"МБУ ""ТТРК ""ВЕКТОР""",6676003526
"ООО ""ФМ-ПРОЕКТ""",3528287036
"ООО ""РИА ""АЛТЫН КЁЛЬ""""",0400006889
"ООО ""МЕДИА МИР""",3525302328
"АО ""ТВ СЕРВИС""",7703136921
"ООО ""ВЫБИРАЙ МЕДИА""",6315014304
"ООО ""УНИОН""",7104076818
"ООО ""МЕДИА-СЕРВИС""",1643015573
"МКУ ""МЕДИАЦЕНТР""ДОЛГОПРУДНЫЙ""",5047164282
"МБУ ""КРАСНОГОРСКОЕ ТЕЛЕВИДЕНИЕ""",5024175954
"ООО ""ТЕЛЕВИДЕОЦЕНТР""",5911040720
"ООО ""ТК 8 КАНАЛ""",2463106329
"ООО МЕДИАХОЛДИНГ ""ЛЯ МАЖОР""",7207004710
"ООО ""Н-МЕДИА""",2609024837
"ООО ""ПЕРВЫЙ КАБЕЛЬНЫЙ""",5406989828
"ООО ""ЕВРОПА ПЛЮС АСТРАХАНЬ""",3025033356
"ООО ""ФМ""",7203399672
"ООО ""РИА-7""",7203419953
"ООО ""ОВАА МЕДИА""",1701056155
"ООО ""БОКС ТВ""",6671082250
"ЗАО ""ТЕЛЕСКАН""",7820004904
МАУ ДЮРТЮЛИ-ТВ РБ,0260005917
"ООО ""АРАДИО ТЮМЕНЬ""",7203235603
"ООО ""КЧР-ТЕЛЕКОМ""",0917033769
"ООО ""БАСКЕТ МЕДИА""",7720399938
"ООО ""ЛИТЕРАТУРНАЯ КОЛЛЕКЦИЯ""",7704576330
"ООО ""МАЛИНА МЕДИА""",6114017295
"ООО ""МИЦ ""ИЗВЕСТИЯ""",7704399970
"ООО ""КУРГАНСКОЕ ТЕЛЕВИДЕНИЕ""",4501145318
"ООО ""СИГНАЛ МЕДИА""",7736317306
"ООО КОМПАНИЯ ""ПОДРЯД""",2538015865
"МАУ ""ГОРОДСКОЙ ИНФОРМАЦИОННЫЙ ЦЕНТР""",2315207556
"ООО ""СПБТВ МЕДИА""",7716922680
"ООО РА ""ПАНОРАМА""",6950197405
"ООО ""МАКСИМУМ РАДИО""",7710039527
"АО ""КОРПОРАЦИЯ ""РАДИО-АРТ""",7710034021
"ООО ""ПОБЕДА""",7202204338
"АО ""СТС""",7707115217
"ООО ""АТЕЛРЫБИНСК""",7610103240
"ООО ""КАСПИО МЕДИА""",7714431284
"ООО ""ДИАЙТИ МЕДИА""",5920039287
"ООО ""МЕДИА СЕВЕР""",0257011558
"ООО ""ОБЩЕСТВО ИНВАЛИДОВ""",2902085302
"ООО ""ЛИСС МЕДИА""",9715319592
"МАУ ""ТВ ""ПОИСК""",5020083967
ФОНД ПРАВОСЛАВНОГО ТЕЛЕВИДЕНИЯ,7725070375
"АУ БЕЛОЯРСКОГО РАЙОНА ""БИЦ ""КВАДРАТ""",8611004571
"ООО ""РЕД""",4707040319
"ООО ""МЕДИА-ТЕЛЕКОМ""",9705119202
"ООО ""КВАРЦ""",5036009503
"ООО ""РАДИО ИНТЕРНЕШНЛ""",4401160224
"ООО ""МАТРИЦА""",6915016180
"МБУ ЭСМИ ""ТК ""ТВЧ""",9110015849
"ООО ""НОЛЬ ПЛЮС МЕДИА""",7722854678
"МАУ ""СТВ""",0267002746
"ООО ""РУИС""",1510018222
"ООО ""БАРС""",5018177819
"ООО ""ДИАНА""",6350013568
"ООО ""АИВА""",7802655533
"ООО ""ВЕТА""",7424023156
"ООО ""РТМ""",0278942910
"ООО ККФ ""Тонус""",5042021594
"ООО ""ЭЙЧ ДИ МЕДИА""",5040140300
"ООО ""ПАУЭРНЕТ""",3435100768
"ООО ""АЛЬТАИРТРАНСТУР""",5251113400
"ООО ""КУРОРТ ТВ""",7736316905
"ООО ""СЕВЕР МЕДИА""",3702121724
"ООО ""ЗЛАТ-ТВ""",7404076294
"МУ ""РЕДАКЦИЯ ГАЗЕТЫ ""СВЕТЛЫЕ ВЕСТИ""",6434012232
"ЗАО ""КОНТАКТ-ТВ""",1325128407
"ООО ""РБК ЧЕРНОЗЕМЬЕ""",3664128645
"ООО ""МРП-ГРУПП""",1658210834
"ООО ""БОЛЬШАЯ АЗИЯ""",9717077821
"ООО ""ИРАФ-ФМ""",1513072725
"ООО ""НИКА""",2444002701
"ООО ""НМГ РЕГИОН""",4401189738
"АНО ""ТРК ""СЕВЕР""",5104004739
"ООО ""ТЕХНОПАРК""",9717075768
"МП ГО АО ""МИРНЫЙ"" ""МУНИЦИПАЛ-СЕРВИС""",2925003610
"ООО ""МГ ""НАШ ГОРОД""",4704060892
"ООО ""МЕДИАХОЛДИНГ СТОЛИЦА""",0562073857
"ООО ""РЕГИОН ТВ""",4101188275
"ООО ""КВАДРО""",1513073292
"ООО ""МЕДИА ГРУП""",4214040093
"ООО ""МАСС-МЕДИА ЦЕНТР""",4101088440
"ООО ""РАДИО СИБИРИ""",8617035368
"ОГАУ ИД ""УЛЬЯНОВСКАЯ ПРАВДА""",7325043842
"ООО ""МЕДИАГОРОД-ПЛЮС""",6680002050
"ООО ""МУВИ ТВ""",7724465042
"ООО ""ПРОГРЕСС""",2903011906
"ООО ""ТЕЛЕКАНАЛ НАРОДНОЙ МУЗЫКИ""",5047220554
"НП ""ПТК""",7709524991
"ООО ""АРТАНАС""",5118004256
"ООО ""ПИРК""",5933011151
"ООО ""МИР РАДИО""",3105004625
"ООО ""ТЕЛЕКОМПАНИЯ ""ТЫНДА""",2808003461
"ООО ""СФЕРА 24""",2463256067
ООО ''ЦЕНТРМЕДИА'',7805093307
"ООО ""РЕКЛАМНОЕ АГЕНТСТВО ""ИНЕТ""",3808213407
"ООО ""ДЖЕМ""",6914019340
"МБУ ""АХТУБИНСКИЙ МЕДИАПАРТНЕР""",3000020757
"МАУ ""ТРК ""РАДОНЕЖЬЕ""",5042055025
ООО БАРС МЕДИА,3702598323
"МКУ КМО ""ЦЕНТР МОЛОДЁЖНЫХ ПРОЕКТОВ""",2611700289
"ООО ""РТО""",7203478564
"ООО  ""НОВЫЙ ВЕК - МОРШАНСК""",6826512395
"ООО ""ИМПЕРИЯ РЕКЛАМЫ""",7205031267
"ООО ""АС МЕДИА""",5918217246
"ООО ""СЕДЬМАЯ ВОЛНА""",6226013429
"ООО ВК ""ТЕЛЕСФЕРА""",2463011765
"ООО ""ИНФОРМАЦИОННЫЕ СИСТЕМЫ""",1835065257
"ООО ""МЕДИА РЕШЕНИЯ""",9705114476
"ООО ""МЕДИА-ПРЕСТИЖ""",2130010356
"ООО ""РАДИО УНИВЕРСИТЕТ САНКТ-ПЕТЕРБУРГ""",7801651952
"ООО ""РАДИО УНИВЕРСИТЕТ МОСКВА""",7801651977
"ООО ""НКТВ""",2124020998
"ООО ""ГУДТАЙМ МЕДИА""",7721485386
"ООО ""ТРК ""11 КАНАЛ""",3802005062
"ООО ""БТВ""",1658215529
"ООО ""ХАЙТЭК""",4909092060
"АВТОНОМНОЕ УЧРЕЖДЕНИЕ ""ИЗВЕСТИЯ МОРДОВИИ""",1326136880
"ООО ""СМГ""",2225201990
"МАУ ""ИНФОРМАЦИОННЫЙ ЦЕНТР ""НОРИЛЬСКИЕ НОВОСТИ""",2457051537
"МБУ ""РЕДАКЦИЯ ГАЗЕТЫ ""РАБОЧАЯ БАЛАХНА""",5244003527
"АО ""АЛЬТАГЕН""",7729598896
"АНО ""ИА ""ЧУКОТКА""",8700000353
"МАУ РМ ""ЦМПИИ"" МО БОГДАНОВИЧ",6633024190
"ООО ""СИБТЕЛЕКОМ""",8601048611
"ООО ""СДК""",6315516030
"МАУ ""ВЯЗНИКИ-МЕДИАГРУПП""",3338005861
"АНО ""ТВ ""ПРНК""",7728479769
"ГАУ РТ ""ИД ""ТЫВАМЕДИАГРУПП""",1701062430
"ООО ""МЭРИОТ""",7709272180
"ООО ""ВОЛНА""",4401110745
"ООО ""РУССКИЙ СЕВЕР""",3525045092
"ООО ""АРМТВ""",7706418466
"ООО ""САХАЛИНСКИЙ ДОМ РЕКЛАМЫ""",6501117265
"МБУ ""БОГОРОДСКИЙ МЕДИА ЦЕНТР""",5031121357
"МБУК ""РЦКРИНТ""АЛМАЗ""""",1405001029
"ООО ""РТ "" ТМ-МАСТЕР""",2610009008
"МБУ ""ТНР""",8620009512
"ООО ""ДАНС МЕДИА""",7714451925
"ООО ""ЦЕКТРВИС""",7801338563
"ООО ""ИТРК ""ТУАПСЕ""",2365034549
"ГАУ ПО ""МЕДИАХОЛДИНГ ""ЭКСПРЕСС""",5836691247
"ООО ""ВКЛЮЧИ РАДИО""",6612054719
"АНО""ЦПСИ ""ОТКРЫТЫЙ РЕГИОН""",2722999113
"ООО ""АФМ""",4401193406
"ООО ""РЕЗОНАНС""",3705007191
"ООО ""БАРС""",5235007148
"ООО ""АЛЬЯНС-МЕДИА""",8602292387
"ООО ТРК ""ДЕЛЬТА""",8901013289
"ООО ""САН ПОРТО ТВ""",7730253550
"ООО ""ГАРАНТ МЕДИА""",1837017450
"ООО ""ПРЕССА-БИЙСК""",2204026875
"АО ""СЕРГИЕВСКАЯ ТРК ""РАДУГА-3""",6381022940
"АО ТЕЛЕКАНАЛ ""ПЕРВЫЙ РОСТОВСКИЙ""",6163077949
"МБУ ""РЕДАКЦИЯ ГАЗЕТЫ"" ""УЙМОНСКИЕ ВЕДОМОСТИ""",0400007508
"ООО ""МЕДИАПАРТНЕР""",7725794755
"ООО ""РАДИУС ГОРОДА""",9705091966
"АУ СМИ ""АСХЫС ЧАЙААНЫ""",1905008103
"ООО ""НОВА-МЕДИА""",1001342859
"ООО ""МЕДИАСОЮЗ""",2209029284
"МКУ ""ЕДДСС-112"" ИМОСК",2607019623
"АНО РАДИОКАНАЛ ""РАДИО ВЕРА УВАРОВО""",6830007772
"ООО ""ВЫСШИЙ ПИЛОТАЖ""",2130102159
"ООО ""НОРИЛЬСКАЯ МЕДИАГРУППА-ДУДИНКА""",2457084719
"ООО ""ТЫНДА - МЕДИА""",2808016220
"ООО ""РУССКАЯ КОМПАНИЯ""",7224079602
"ГАУ МО ""РАДИО 1""",7705015190
"МБУ ""МЕДИАХОЛДИНГ""",2502078124
"ООО ""БИЗОН МЕДИА""",6682016114
"ООО ""РЕГИОН МЕДИА""",2538149107
"ООО ""РАДИО ТАРХАНКУТ""",9110024160
"ООО ""МЕДИАХОЛДИНГ""",2130062428
"ГАУ ""РЕГИОНАЛЬНЫЙ МЕДИАХОЛДИНГ ""КУЗБАСС""",4205423371
"ООО ""АЛЬФА МЕДИА""",1655087340
"АНО ""ПЦ ""ЛОГОС""",5260460231
"ООО ""РЕДАКЦИЯ ТВН""",6330054196
"ООО ""АМ""",6623118139
"ООО ""РАДИОТЕХНОЛОГИЯ""",4632243076
"ООО ""ЯХАЕВ ГРУПП""",3304012483
"АО ""ПЕРВОЕ РЕГИОНАЛЬНОЕ РАДИО""",7713573913
"ООО ""РЕТИНА""",2801180366
"ООО ""АРТЁМ МЕДИА""",2512466944
"ООО ""СУКСУН ФМ""",5917005440
"ООО ""ЕВРОПА МЕДИА""",4205064845
"ООО ""ТВ-АРТ ДИРЕКТ""",5243037435
"ЧУ ПП КПРФ ""ТЕЛЕКАНАЛ ""КРАСНАЯ ЛИНИЯ""",7702472896
"ООО ""ЧИСТЫЙ ГОРОД""",5944000070
"ООО ""РАДИО СЕМЬ""",2301101415
"ООО ""МЕДИА ТЕХНОЛОГИИ""",6151020070
"ООО ""ЭВРИКА""",4345393896
"ООО ""БАЙКАЛ РАДИО""",3808270155
"БФП ""ВЕРА""",6318022631
"ООО ""МЕДИА ПЛЮС""",2373010206
"ООО ""ЦТВ""",7713267433
"ООО ""АНТ""",7717715630
"ООО ""ТРК ""АТВ""",9103093405
"ООО ""КОНТРАСТ-МЕДИА""",6726019370
"ООО ""МЕДИА-ВЕЩАТЕЛЬ""",6450110460
"ООО ""СВЕТЛОЕТВ МЕДИА""",6732182254
"МКУ ""ЛАБ-МЕДИА""",2377002196
"ООО ""ВЕКТОР""",2339012475
"АНО ""ТЕЛЕКАНАЛ ""ОКРУГА""",1839011051
"ООО ""РИТМИКА""",6826006889
,2625749990
"ООО ""НКМ""",3906378943
"ЗАО ""ЕВРОПА ПЛЮС ВЛАДИМИР""",3302007752
"ООО ""МЕДИА СПОРТ""",7705709053
"ООО ""АЛЬФА-МЕДИА""",2801145611
"ООО ""ДОМ МУЗЫКИ""",7733615470
"ООО ""ИНТЕРКОМТЕЛ СЕВЕР""",3702160191
"ООО ""ФОНБЕТ ТВ""",7703529560
"ООО ""ЛАУНЖ""",8903036059
"ООО ""ПИ ФМ""",7706469238
"ООО ""М3""",9731003250
"МОО ""ЖИВАЯ ПЛАНЕТА""",7729441550
"ООО ""РЕКЛАМНЫЕ ТЕХНОЛОГИИ""",4707041305
"ООО ""ВЕЧЕРНЕЕ РАЗВЛЕКАТЕЛЬНОЕ ТВ""",9729286347
"АНО ""ЯМАЛ-МЕДИА""",8901039110
"ООО ""ЧУСОВСКОЕ ТЕЛЕВИДЕНИЕ ""СОЮЗ-ТВ""",5918220721
"ООО ""РАДИО СИБИРЬ - КРАСНОЯРСК""",2465297728
"ООО  ""РАДИО  СИБИРЬ""",7018044058
"ООО ""АЗИЯ ТВ СНГ""",9701066895
"ООО ""ОРБИТА ПЛЮС ГАГАРИН""",6722040469
"ООО ""СТРИМ""",6381021343
"ООО ""ЭНЕРГОТРЕЙД""",1106029523
"ООО ""СТРОЙТЕХСЕРВИС""",5612069488
"АНО ИНФОРМАЦИОННО-КУЛЬТУРНЫЙ ЦЕНТР РАДИОВЕЩАНИЯ И ТЕЛЕВИДЕНИЯ ""ЛОГОСЪ-РЯЗАНЬ""",6234187034
"ООО ""ИНТЕРИЯ""",1645033948
"ООО ""МЕДИА СЕРВИС ПЛЮС""",7325109370
"МАУ МГО ""МЫСКИ МЕДИА""",4214033547
"ООО ""ЛАДА-ПРО""",9715320407
"ООО ""ПЕРЕСКАЗ""",9709056930
"ООО ""ПВК""",6625020643
"ООО ""КТВ - ЛУЧ """,6325031764
"ООО ""АРТ ИМЭДЖИН""",6167033195
"ООО ""ЭЛЕКТРОН""",7709641134
"ООО ""ТРК ""2Х2""",7731645568
"ООО ""ВОРСТ - МЕДИА""",6672190875
"АНО ""ЦЕНТР РАЗВИТИЯ ТЕЛЕВИДЕНИЯ И РАДИО ОРЕНБУРЖЬЯ""",5610233358
"ООО ""ГОРОДОК""",2907017761
"ООО ""ТЕЛЕКОМПАНИЯ ПЯТНИЦА""",7725685604
"ООО ""ТЕЛЕКАНАЛ ТВ3""",7726637635
"ООО ""СОЮЗНИКИ""",2308245222
"ООО ""ТЕЛЕКОМПАНИЯ РЕЗОНАНС""",9728017616
"ООО ""ТК ""АСТРТЕЛЕКОМ""",3016033215
"ГАУ СО ""МЕДИААГЕНТСТВО ""САМАРА 450""",6316028652
"ООО ""МК"" АЛМАЗНЫЙ КРАЙ""",1433029918
"ООО ""ВОЛНА""",3819021680
"ООО ""КАСКАД ПЛЮС""",1103044393
"ООО ""СИГМАТЕЛЕКОМ""",2458002564
"ООО ""АФОНТОВО""",2464154935
"ООО ""ЛРК""",4024017233
"ООО ""БРК СПЕКТР""",2407014603
"МБУ ""КИНГИСЕППСКОЕ ТЕЛЕВИДЕНИЕ ""ЯМТВ""",4707030367
"АО ""КИНОСТУДИЯ ""СОЮЗМУЛЬТФИЛЬМ""",9715404978
"АНО ""БУРЯАД ТВ""",0326538281
"ООО ""ГПМ СПБ""",7705726098
"АНО ИД ""МЕДИАЦЕНТР 60""",6027201604
"МБУ ""СИАЦ""",5110120934
"ООО ""ЗВУК - М""",2630028263
"ООО "" 39 КАНАЛ """,2301032271
"ООО ""ПРОЕКТМЕДИА""",5609089501
"АНО ""РАДИО ""КОТЕЛЬНИКОВО""",3458003182
"ООО ""ТЦ-01""",7130504361
"ООО ""ПРАЙМ""",0272918647
"МАУ ""ИНФОРМАЦИОННОЕ АГЕНТСТВО ""ИМПУЛЬС СЕВЕРА""",8904011924
"ООО ""ПАРИТЕТ-ВОСТОК""",2536193750
"ООО ""РАДИО32ФМ""",3257058431
"ООО ""ГОРОД-ФМ""",0400017048
"ЧНУК ""УРАЛЬСКИЙ МУЗЕЙ АТАМАНА ЕРМАКА""",6670490930
"ООО ""ПЕРВЫЙ ВЛОГЕРСКИЙ""",7751178270
"ООО ""СКАЙ МЕДИА""",9710080688
"ООО ""СВИРЬИНФО""",4711011247
"ООО ""ВИДЕОКОМ""",7708332990
"МАУ ""САЯНСКИЕ ВЕДОМОСТИ""",1902025125
"ООО ""ТРЕНД""",5803030643
"ООО ""ПЛАН Б""",7736333611
МБУ ОИЦ,5032325233
"ООО ""ВЛАДАМЕДИА""",3306019685
"ООО ""РАДИО-ДАЧА""",7713732948
"ООО ""МЕДИА""",6631007658
"АУ ""МЕДИА-ЦЕНТР""",5034038795
"АО ""РТП ""НЕВА-ТВ""",6154060177
"ООО ""ОНОРИО СОЛЮШНС""",5032326780
"ООО  ""ТЕЛЕМАРКЕТ  ЭФИР""",7018017103
"ООО ""СЕРЖ""",3311024659
"ООО ""КЛЁН""",3326013280
"ООО ""ГПМ РАДИО""",7714353188
"ООО ""ЦЕНТР ОБЪЯВЛЕНИЙ - НАЗАРОВО""",2443040790
"МАУ ""МЕДИАХОЛДИНГ БЕРЕЗОВСКОГО ГОРОДСКОГО ОКРУГА""",4203004079
"ООО ТРК ""ПРИБОЙ""",0546012590
"ООО ""КАНАЛ""",9701181993
"ООО ""РБД""",7813640521
"ООО ""ПРО РАДИО""",2308280114
"ООО ""СТАРТ МЕДИА ТВ""",9702034800
"ООО ""ИЛАНТ""",3305801152
"ООО ""ММТВ""",5038159021
"ООО ""РАДИО МОРЕ""",5260475277
"ООО ""ИНСИС""",6671298731
"ООО ТРК ""АРТ""",1643006385
"ООО ""МК""",1650394604
"ГУП ""БАЙКОНУРСВЯЗЬИНФОРМ""",9901000362
"ООО ""МАРТ""",1121027496
"АО ""НОВЫЙ КАНАЛ""",7734517148
"МАУ ""РЕДАКЦИЯ СМИ ЗАТО ФОКИНО""",2536329344
"ООО ""АЗИМУТ-Т""",7203267108
"ООО ""БЛЭК ПОИНТ""",5020088926
"ООО ""ИНКОМТЕЛ""",2723126168
"ООО ""СВЯЗЬ-МЕДИА""",6154161344
"ООО ""ДУЭТ""",6950254808
"ООО ""АВТОДОР- ПЛАТНЫЕ ДОРОГИ""",7710965662
"ООО ""МИРАЖ""",5043072665
"ООО ""ЛС""",7719884231
"ООО ""МЕДИАСЕРВИС""",7536162849
"ООО ""ТРМ""",0237995134
"ООО ""РАДИО КОЙГОРОДОК""",1111003023
"ООО ""ШАСТА-ГЛОБАЛ""",4824061150
"ООО ""ИСКАТЕЛЬ""",4214041650
МУК КДО СЕРДОБСКОГО РАЙОНА,5805009206
"ООО ""РАДИО ""ВЕСНА""",7707841226
"ООО ""НН РАДИОПОИСК""",5262061401
"ООО ""ЦСП""",3605009318
"АНО ""СОЛИКАМСКИЙ МЕДИА ЦЕНТР""",5919030610
"ООО ""ТСТ""",2309145012
"ООО ""ТОП МЕДИА""",5310021458
"ООО ""МЕДИАРИТЕЙЛ""",9717102450
"ООО ""ТАТМУЗТВ""",1657109292
"ООО ""АМГ РАДИО""",7714478211
"ООО ""РЕГИОН-МЕДИА""",2920012385
"ООО ""ЮЖНЫЙ ВЕТЕР""",9110029136
"ООО ""ЛИНИЯ""",8901039262
"ООО ""ОКЕАН МЕДИА""",9729310208
"ООО ""КОНТИНЕНТ""",7709108720
"ООО ""КВАНТ""",6623139450
"ООО ""СЕВЕР ФМ""",1106031681
"ООО ""АМГ""",1650389851
"ООО ""КРЫМ МЕДИА ГРУПП""",9102069382
"ФОНД ""РАДИО МАРИЯ""",7805071261
"ООО ""ПСК ""ГРАНИТ""",3851994281
"ООО ""МАЙ МЕДИА""",3702113836
"ООО ""СТАЙЛ МЕДИА ХОЛДИНГ""",5024132750
"ООО ""ЦИФРОВОЙ ГОРОД""",6677015299
"ООО ""ТИМЛЕКС""",0554008290
"ООО ""ТЕЛЕКОМПАНИЯ ""ШТРИХКОД""",7710727851
"ООО ""РЕПОРТЕР""",3904613292
"ООО ""ТГВ""",3702014232
"ООО ""НЬЮТОНИЙ""",7456047343
"ООО ""ТВ-51""",7107039885
"МКУ ""РВК ""БОТЛИХ""",0506064545
"ООО КФ ""ФЛАГМАН""",6226011238
"МАУ РЕДАКЦИЯ ГАЗЕТЫ ""ПРИВОЛЖСКАЯ ПРАВДА""",5222010545
"ООО ""ОМНИМЕДИА""",5245025354
"ООО ТРК ""НАВИГАТОР""",6121005156
"ООО ""ТЕЛЕРАДИОКОМПАНИЯ ""РЕГИОН 62""",6211008120
"ООО ""ОКСАНА""",3920086847
"ООО ""КАРЕЛЬСКИЙ ДЕЛОВОЙ ЦЕНТР""",1001236956
"ООО ""ИНФИНИТИ""",6321357853
"МАУК ""МКДЦ""",0271008765
"ООО ""МОЙ ДОМ ТВ ПРОДАКШН""",7841034836
"ООО ""МЕДИА-СЕРВИС РОСТОВ""",6162058340
"ООО ""АККОРД ПЛЮС""",6162065179
"ООО ""8 ТЕЛЕКАНАЛ""",2543164358
"ООО ""ДАЧА РК""",1101160122
"ООО ""ВИ-БИ-СИ""",2543164365
"ООО ""АЛЬТАИР""",6677016084
"ООО ""НЕВА""",7842451141
"ООО ""СМАРТ -ФМ""",2365019741
"ООО ""РЕЙНБОУ""",7726443478
"ООО ""ТАРГЕТМЕДИА""",0278166418
"МБУ ""НТС""",6513000504
"ООО ""ТЕЛЕКОМ-Б""",7720232512
"ООО ""ТЕЛЕ АРТ""",9717094440
"АНО ""МЕДИАЦЕНТР ""САЛЕХАРД""",8901040388
"ООО ""ЭФФЕКТ """,3123282907
"ООО ""КРЕАТИВ-С""",6455045246
"ООО ""СТОРИТАЙМ ТВ""",7730277978
"ООО ""МОЛОДЁЖНЫЙ КАНАЛ ПРОСВЕЩЕНИЕ""",9717074919
"ООО ""ЗОЛОТО СЕВЕРА""",5105014507
"МКУ МО ГК ""КУРОРТ-МЕДИА""",2305026952
"ООО ""СВЯЗЬ И КОМПОНЕНТЫ""",5300005337
"ООО ""ПДМ. МЕДИА ГРУПП""",9704142720
"МАУ ""ИА ""ЛАБЫТНАНГИ""",8902010474
"ООО ""РАДИО СЕТЬ - ДАГЕСТАН""",0572030838
"ООО ""РАЗВИТИЕ""",2459019916
"ООО ""КИРОВ ГРАД""",4345507871
"ООО ""ИНПРО""",5261130331
"ООО ""АРТМЕДИА""",5243036625
"ООО ""МЕГАУРАЛ""",7451215160
"ООО ""ТРАМОНТАН ФМ""",4025462269
"АО ТЕЛЕКОМПАНИЯ ""ВСЕ ДЛЯ ВАС""",6832022631
"ООО ""РАДИО ЛЕММА""",2543164372
"ООО ""ТРК ""ГЕЛЕНДЖИК""",2304084045
"ООО ""ТЕЛЕКОМПАНИЯ АКТИС""",3801157094
"ППО АО ""ДИНУР"" ГМПР",6625002972
"МБУ ""КИЦ""",7100061610
"МАУ ""КДЦ""",5917001477
"ФГУП ""РФЯЦ - ВНИИЭФ""",5254001230
"ООО ""СГТ""",6163227665
"ООО ""МЕЛОДИЯ""",7806581586
"ООО ""КБГ МЕДИА""",9728069477
АССОЦИАЦИЯ ТЕЛЕЦИФРА,6027207405
"ООО ""ГИДМЕДИА""",6027143536
"МАУК ""ЦЕНТР КУЛЬТУРЫ И ИСКУССТВ ИМ. Л.Н.КЕКУШЕВА""",5038128993
"ООО ""ТАЛИНА РАДИОСЕТЬ""",1327031016
"ООО ""МИЛИАНА""",2367022972
"ООО ""МАГНАТ""",9725003527
,5504151417
"ООО ""РОСТ-РАДИО""",3328005622
"ООО ""РУССКИЙ МИР""",9403000056
"ООО ""МЕДИА ЭКСПЕРТ""",7457013308
"ООО ""РНГ""",4345243361
"ООО ""СТУДИЯ ""АНТЕН""",7019034729
"ООО ""Е-ЛАЙТ-ТЕЛЕКОМ""",4205025388
"МБУ ""СМИ КРАСНОСЕЛЬКУПСКОГО РАЙОНА""",8912000676
"ООО ""ТЕЛЕБАЗИС""",7325112422
"ООО ""ТЕЛЕКОМПАНИЯ ГЛОБАЛ СТАР""",9725099586
"ООО ""ЮВЕЛИР ТРЕЙД""",5504140694
"ООО ""МЕДИА""",3316019405
"ООО ""ПЦ ""ПРИТЯЖЕНИЕ""",4703184077
"АНО ""ТВС""",1300003685
"АО ""ДОН-МЕДИА""",6163225428
"ООО ""ГТК""",2813011330
"ООО ""КАЛИБР""",3305057960
"ООО ""ИНФОРМАЦИОННЫЙ ЦЕНТР""",6633014097
"МАУ ""РАМЕНСКИЙ МЕДИАЦЕНТР""",5040179970
"ООО ""КАМЕРТОН""",4028004764
"ООО ""РТВИ""",8911032851
"ТЕЛЕКАНАЛ ""БЛАГАЯ ВЕСТЬ""",7733565004
"ООО КОМПАНИЯ ""МИШУТКА И ДРУЗЬЯ"" ЯМАЛ",8904092708
"ООО ПЦ ""МЕДИАПОЛИС ТВЕРЬ""",4401149615
"МБУ ""КАРПИНСКИЙ ГДК""",6617017710
"МАУ ""РЕДАКЦИЯ ГАЗЕТЫ ""НИВА""",5102006177
"ООО ""ЧУВАШМЕДИА""",3906218386
ГСУП ГТРК ЛНР,9403013351
"АНО ПСЦ ""ЭКОСПАСКОМИ""",1102084643
"ООО ""КОНТАКТ""",3316000108
"ООО ""ЦИФРОВАЯ ТЕРРИТОРИЯ""",9717107272
"ООО ""ЧАСТОТА""",9403008055
"ООО "" ""ШЕЛКОВЫЙ ПУТЬ""""",9714006163
"ООО ""РАДИО НОВГОРОД""",5300006570
"ООО ""СЕРЕБРЯНЫЙ ДОЖДЬ""",9710026828
"ООО ""РАДО АЛАТЫРЬ КС""",2100006761
"ООО ""РУСЬ""",3123485777
"ООО ""ВЕЩАТЕЛЬ""",7203553564
"ООО ""МЕДИА БРЕНД""",4025454525
"ФОНД ""ТЁМКИНО""",6722033253
"ГУП ДНР ""ТРК ""ОПЛОТ ТВ""",9303028026
"АО ""МАСТЕР-КЛАСС""",7743421379
"ООО ""РАДИО ЮГА""",2310179175
"ГУП ДНР ""ТК ""ЮНИОН""",9309013153
"ГУП ДНР ""ПЕРВЫЙ РЕСПУБЛИКАНСКИЙ КАНАЛ ДНР""",9309020714
"ООО ""НЕРА ЛАЙФ""",1400017138
"ООО ""РАДИО ДЕНЬ""",7751002036
"ООО ""ПРИНЦИП""",7716965605
"ООО ""ДИАЛОГ-ФМ""",0562056932
"ООО ""ВЫБЕРИ РАДИО""",9309017687
"ООО ""ЛОВОЗЕРСКИЙ ГОК""",5106800454
"ООО  ""МЕДИА ГРУППА""ВИЗАНТИЯ""",9731098502
"МКУ ""ГРОЦ""",2364021177
"ООО ""ЧИСТЫЕ ПРУДЫ""",2321016239
"ООО ""ДОКА ТВ""",7730309010
"ООО ""ОТМА""",9309014710
"ООО ""НАШЕ РАДИО""",7710068609
"ООО ""СОДРУЖЕСТВО""",6679148632
"ООО ""МЕДИАЛАЙН""",6677011865
"ООО ""АВК ГРУПП""",4800006369
"МБУ ""ТРИЦ""",1104007235
"АНО ""ЗАМЕДИА""",9001012781
"АНО ИЦР ""ЗОДЧИЙ""",2360980415
"ООО ""ТЕЛЕКОМПАНИЯ СУББОТА""",7702403571
"ООО ""РАДИО РОДНЫХ ДОРОГ""",2130178937
"ООО ""УСОЛЬСКАЯ ВОЛНА""",2463131540
"АНО ХО ""ТРК ""ТАВРИЯ""",9500013340
"ООО ""СОЦИУМ""",7810971282
"ООО ""ИНТЕР РАДИО""",3702114678
"ООО ""РАДИО ИНФО""",4025454532
"ООО ""ДТВ - КАЗАНЬ""",1660062534
"ГУП ДНР ""ТК ТВ-СФЕРА""",9304012237
"ООО ""ПРОСПЕКТ-ТВ""",7325109613
"ООО ТЕЛЕРАДИОКОМПАНИЯ ""ТВ-КУРС""",4632020030
"ООО ""НАША ВОЛНА""",5049024788
"ООО ""КОРМЕДИА""",0277963643
"ООО ""МЕДИА ВОСТОК ГРУПП""",5034066753
"ООО ""ЛЮБИМОЕ РАДИО""",1300008475
"АНО ""КУЛЬТ""",3000007700
СДМКТ,7722390345
"АНО ""ИНСТИТУТ РАЗВИТИЯ ОБЩЕСТВА""",3827063411
"ООО ""ЛТМ""",9717148543
"ООО ""КОНЦЕПТ МЕДИА""",5012110712
"ООО ""ПРОДЮСЕРСКАЯ КИНОКОМПАНИЯ ""ДИНАСТИЯ""",7726643501
"ООО ""СМК-РК""",7713417978
"ООО ""ПИКА""",9717143418
"АО ""ПЛАН Б КИНО""",7736357010
"АО ""РАДИО ЕВРАЗИЯ""",7713576583
"ООО ""РАДИО ЕВРАЗИЯ-КОВРОВ""",7300028088
"ООО ""РАДИО ЕВРАЗИЯ-ЕГОРЬЕВСК""",7300028063
"ООО ""РАДИОЦЕНТР""",4027074568
"АНО ""ИРИ""",7709473987
"ООО ""СК""",3128060418
"ООО ""СЛИВКИН И КО""",1400008937
"ООО ""ЗСРЦТ ""ТЕКОС""",7204058530
"ООО ""КЛАССИК РОК""",7733541973
"ООО ""АЛТАЙ ФМ""",2224211731
"ООО ""РАДИО - ТВЕРЬ""",6950259789
"ООО ""ЭЛЕКТРОНИК ЦЕНТР""",7459003961
"ООО ""ЦЕНТР""",2470002088
"ООО ""СВЯЗЬ-ИНФОРМ-СЕРВИС""",6154074902
"ООО ""РАДИО САРАТОВ""",6450116165
"ООО ""АБРИС""",4101117073
"ГУП ДНР ""ТОРЕЗСКОЕ ТЕЛЕВИДЕНИЕ""",9304014192
"ООО ""АСИНО-ТВ""",7002012364
"ООО ""НАДЕЖНАЯ ПЛАТФОРМА""",9312009781
"ЗАО ""ЕВРОПА ПЛЮС""",7717023685
"ООО ""КОМПАНИЯ НОВОЕ РАДИО""",7725286790
"ГУП ДНР ""ШАХТЕРСК ТВ""",9304012830
"ООО ""АВТОЛОГИСТ""",4401194784
"ООО ""МКМ""",5024238700
"ООО ""УРАЛЬСКАЯ МЕДИАГРУППА""",4501222474
МБУК МЕЖПОСЕЛЕНЧЕСКИЙ РДК,2423011776
"ГУП ДНР ""ТК ""АВЕСТА""",9305004920
"ООО ""МВ-КУРСК""",4632299216
"ООО ""АЛЬЯНС""",3665039966
"ООО ""МЕДИА ПРОРЫВ""",1102077759
"ООО ""ПРОСТРАНСТВО""",7736321165
"МБУК ""ЦКС""",7436004503
"ООО ""РУССКИЙ РЕКОРД""",4000009829
"ООО ""ЧОП ""КУЕДИНСКАЯ СЛУЖБА БЕЗОПАСНОСТИ""",5957015620
"ООО ""СТАР МЕДИА ДИСТРИБЬЮШН""",7723633907
"ООО ""РВ""",7451466816
"ООО ""МЕДИАХОЛЛ""",6679142687
"ООО ""ВОЛЕЙБОЛ МЕДИА""",7708429294
"СПБГУП, САНКТ-ПЕТЕРБУРГСКИЙ ГУМАНИТАРНЫЙ УНИВЕРСИТЕТ ПРОФСОЮЗОВ",7816002340
"ООО ""МЕДИА - М""",2624030289
"ООО ""СПБ ТВ СЕРВИС""",7814574180
"ОГАУ ""МЕДИА-ЦЕНТР ""ПРИАНГАРЬЕ""",3808203575
"БФ ""РАВЕНСТВО ВОЗМОЖНОСТЕЙ""",7704459636
"АУ ""РЕДАКЦИЯ ГАЗЕТЫ ""ЗНАМЯ ТРУДА""",5239001644
"ГАУ ""РЕГИОНАЛЬНЫЙ ТЕЛЕВИЗИОННЫЙ КАНАЛ ""ЗАБАЙКАЛЬЕ""",7500017439
"ООО ""КИДЗ ТВ""",9704244095
"ООО ""ЛЫСЬВАИНФОРМ""",5918222084
"ООО ""АВТОТОН""",5700010839
"ООО КОРПОРАЦИЯ ""ТЕЛЕОМСК-АКМЭ""",5502031330
"ООО ""РУФОРМ""",7714886605
"ООО ""РУССКОЕ РАДИО-ГАЛИЧ""",4401151124
"АНО ""ВЕРХНЯЯ ВОЛГА МЕДИА""",7604392177
"ООО ""МЕДИАВСЕЛЕННАЯ""",2508145970
"ООО ""ФИШКА""",7453215092
"ООО ""Л-МЕДИА""",7451466573
"ООО ""РАДИО""",0269046202
"ООО ""ТРАСТ""",2210011316
"ООО ""ИНФИНИТИ-РЕКЛАМА""",2508121810
"ЗАО ""КОМПАНИЯ ""АЛЫЕ ПАРУСА""",5753029150
"ООО ""РИА ""ТУРОЧАК ФМ""",0400025553
"ООО ""РАДИОПРОЕКТ""",2624027286
"ООО ""РРД""",2130162937
"ООО ""ИНТЕР-РАДИО-ГРУПП""",7703283796
"ООО ""СВ РЕЗЕРВ ПЛЮС""",9731143868
"ООО ""РТУ""",6900003319
"ООО ""РАДИО-ШИМАНОВСК""",2809091333
"ООО ""ГРАММОФОН ГРОЗНЫЙ""",2013007769
"ООО ""ФИЛАРЕТ МЕДИА""",5017131723
"ООО ""СТАР ПЛЮС""",8617040745
"АО ""САК""",7737055082
"ООО ""ФМ ВОЛНА""",7203586619
"МАУ ""СОВЕТСК ТВ""",3911018978
"ООО ""ПРЕМЬЕР-МЕДИА""",5905998715
"ООО ""Р-МЕДИА""",5012073860
"ООО ""ГТК""",3812164199
"ООО ""ИДЕЯ""",1004018441
"ООО ""АЛЬФА КАНАЛ""",7814844704
"ООО ""ТЕЛЕКОМПАНИЯ МАЯК""",6146902084
"ООО ""ПРАЙМ ПЛЮС""",2543156188
"ООО ""ЛЮБЕРЕЦКОЕ ТЕЛЕВИДЕНИЕ""",5027323551
"ООО ""ТЕЛЕКАНАЛ ОВЕРТАЙМ""",2635260630
"АНО ""ЦЕНТР ДРАМАТУРГИИ И РЕЖИССУРЫ РБ""",0268076941
"ООО ""ТЕХНОЦЕНТР""",1434022048
"ООО ""МИН-АРТ""",6168123860
"ООО ""ИСТОК""",5443117198
"АНО РАДИОКАНАЛ ""ВЕРА, НАДЕЖДА, ЛЮБОВЬ""",7718748268
МКУ ЦОФ,5115000366
"ООО ""ЮПИТЕРТЕЛЕКОМ""",7820066241
"ООО ""АТЛАНТИКА""",7206027834
"ООО ""КЦ ""НЕЙВА """,6686158543
"ООО ""ВИР МЕДИА""",7443007488
"ООО "" АР-ТЕЛЕСОФТ""",7100062902
"ООО ""БИЗНЕС ФМ""",7713666290
"ООО ТК ""ПЯТЫЙ КАНСКИЙ""",2450037741
"МАУ ""СЕРГАЧСКИЙ ИНФОРМАЦИОННЫЙ ЦЕНТР""",5229016850
"ООО ""БПТВ""",9714061830
"ООО ""АРИСТОКРАТИКА""",9721242683
"АО ""РАДИО РЕТРО""",7717083677
"ООО ""ВОЛНА +""",1424008534
"ООО ""МЕДИА САППОРТ""",9731034763
"ООО ""ЦТВ ПЛЮС""",9707042354
"ООО ""ЛИФТ-СЕРВИС""",3123151397
"ООО ""ЗВЕЗДЫ НЕВЫ""",7804709738
"ООО ""ОРИОН""",2339015719
"ООО ""ЦЕНТР КРАСНОЯРСК""",2465366700
"ООО ""ТЕЛЕКАНАЛ ЭЙЧ ЭЙЧ КЬЮ""",7730334792
"АНО ""КРЫМСКИЙ ТУРИСТСКИЙ ЦЕНТР""",9102300144
"ООО ""МЕДИАКОМПАНИЯ""",3100022740
"АО ""ТЕЛЕРАДИОКОМПАНИЯ РТР""",7113066005
"МБУ ""МЕДИАДОМ ""ВСЯ УФА""",0278939675
"ООО ""РЕЧНИК ДОНА""",6135006255
"ООО ""КТВ""",3663170002
"ООО ""АРТ-ТРЕК""",0269019329
"ООО ""РА ""РЕКЛАМА КАВКАЗ""",0571005726
"ООО ""7ТВ-ХОЛДИНГ""",7726643068
"ГУП ДНР ""РМХ""",9308022483
"ООО ""ГРАНАТ ТВ""",5920039181
"ООО РИА ""СЕМЬ""",3016041047
"АУ ""УФАЛЕЙСКАЯ ТЕЛЕРАДИОКОМПАНИЯ"". АУ ""УТРК""",7402004537
"АУК ""ДК ""НЕФТЯНИК"" ГОРОДА РАДУЖНЫЙ",8609015939
"ООО ""ЛАВ РАДИО СЕТЬ""",7713747493
"ФГАОУ ВО ""ЮУРГУ (НИУ)"", ЮЖНО-УРАЛЬСКИЙ ГОСУДАРСТВЕННЫЙ УНИВЕРСИТЕТ",7453019764
"ООО ""П.А.К.Т.""",7804164876
"ООО ""СПУТНИК МЕДИА""",9724155767
"ООО ""РАДИО РЕГИОН""",6683023650
"ООО ""ТЕЛЕФАБРИКА""",7802776785
"МАУ ""ЭЛИСТА 24""",0800022250
"ООО ""ФЛИБУСТЬЕРЫ""",9726072555
"ООО ""КРЕАТИВНЫЕ ТЕХНОЛОГИИ""",6623147235
"ООО ""РАДИО РБК""",9725177379
"ООО ""АРТ-МЕДИА""",8610029975
"ООО ""ВЕСТИ""",0317008619
"ООО ""ТЕЛЕВЕРСИЯ""",3813002151
"ООО ""ЦЕНТР НОВЫХ ТЕХНОЛОГИЙ""",7814110358
"ООО ""МТВ""",7729453820
"ООО  ""БЕЛАЯ ВОЛНА""",6142023325
"ООО ""ЧЕРНУШИНСКАЯ РАДИОВЕЩАТЕЛЬНАЯ КОМПАНИЯ""",5957013976
"ООО ""УРАЛРЕКОРД""",6681000249
"ООО ""КАМЧАТСКАЯ НОВОСТЬ""",4100049871
"ООО ""РУСЬ МЕДИА ТУЛА""",2100008102
"ООО ""ВМГ""",0326015010
"ООО ""МАСТЕР МАРК""",5902871750
"ООО ""ИНФОТЕК""",6619013486
"ООО ""ТРАМПЛИН ТВ""",9715507123
"ООО ""ВОСТОК-МЕДИА""",3457011663
,6604001424
"ООО ""КЕЙДЖЕЙ МЕДИА""",9707005440
"ООО ""КОРДЕЛИЯ-МЕДИА""",7702527471
"ООО ""ОМТ""",7736659109
"ООО ""МАРКЕТПЛЕЙСТВ""",9709120858
